icr,location,zf1,zf2,zf3,,
ICR_1^,chr1:605447-605698,,,,,
ICR_2^,chr1:628959-630792,,,,,
ICR_3^,chr1:632183-632834,,,,,
ICR_4^,chr1:633381-634921,,,,,
ICR_5*^,chr1:940289-940324,,,,,
ICR_6*,chr1:1174554-1174597,,,,,
ICR_7^,chr1:1232896-1232944,ZFP57,,,,
ICR_8,chr1:1575713-1575919,,,,,
ICR_9^,chr1:1859182-1859730,,,,,
ICR_10^,chr1:2469095-2469433,,,,,
ICR_11,chr1:2657156-2657383,,,,,
ICR_12,chr1:2661644-2661722,,,,,
ICR_13,chr1:4600059-4600405,,,,,
ICR_14*^,chr1:5949227-5949623,,,,,
ICR_15,chr1:6461637-6461737,,,,,
ICR_16^,chr1:7199286-7199687,,,,,
ICR_17^,chr1:8117511-8117827,,,,,
ICR_18^,chr1:9162042-9162599,,,,,
ICR_19*^,chr1:9234719-9234755,,,,,
ICR_20^,chr1:10682902-10683413,,,,,
ICR_21,chr1:10808891-10809149,,,,,
ICR_22^,chr1:16164023-16164515,,,,,
ICR_23^,chr1:17569678-17570146,,,,,
ICR_24*^,chr1:19643228-19643530,,,,,
ICR_25^,chr1:22428873-22429209,,,,,
ICR_26,chr1:24210504-24210603,,,,,
ICR_27,chr1:24503163-24503185,,,,,
ICR_28,chr1:26622032-26622250,,,,,
ICR_29^,chr1:29990938-29991337,,,,,
ICR_30,chr1:31586949-31587065,,,,,
ICR_31,chr1:31773101-31773224,,,,,
ICR_32*^,chr1:32471040-32471395,ZFP57,,,,
ICR_33*,chr1:32886988-32887301,,,,,
ICR_34^,chr1:32963351-32963481,ZFP57,,,,
ICR_35^,chr1:35699589-35699951,,,,,
ICR_36^,chr1:36572484-36573080,,,,,
ICR_37,chr1:37761780-37761898,,,,,
ICR_38,chr1:37990629-37990727,,,,,
ICR_39,chr1:38210131-38210429,,,,,
ICR_40^,chr1:39559036-39559674,,,,,
ICR_41*^,chr1:41423557-41423666,,,,,
ICR_42,chr1:42145815-42145896,,,,,
ICR_43^,chr1:47963613-47963993,,,,,
ICR_44^,chr1:53145868-53146595,,,,,
ICR_45,chr1:53276947-53277068,,,,,
ICR_46*^,chr1:68046822-68047535,,,,,
ICR_47^#,chr1:68049858-68051097,ZFP57,ZFP57,,,
ICR_48*^,chr1:68051239-68051861,ZFP57,ZFP445,,,
ICR_49^,chr1:69312582-69312695,,,,,
ICR_50,chr1:75376248-75376584,,,,,
ICR_51*^,chr1:77687510-77687630,,,,,
ICR_52^,chr1:91171791-91172929,,,,,
ICR_53^,chr1:91387426-91387588,,,,,
ICR_54,chr1:112742974-112743310,ZFP57,,,,
ICR_55^,chr1:116641652-116642769,,,,,
ICR_56,chr1:125086125-125086242,,,,,
ICR_57,chr1:125086657-125086787,,,,,
ICR_58,chr1:125126341-125127474,,,,,
ICR_59,chr1:144547463-144547582,,,,,
ICR_60,chr1:144642001-144642148,,,,,
ICR_61,chr1:144813474-144813505,,,,,
ICR_62,chr1:148011459-148011977,,,,,
ICR_63,chr1:148354878-148355291,,,,,
ICR_64^,chr1:156216551-156216822,,,,,
ICR_65,chr1:156840564-156840978,,,,,
ICR_66,chr1:157278910-157279545,,,,,
ICR_67,chr1:161442725-161442826,,,,,
ICR_68,chr1:161449348-161449576,,,,,
ICR_69,chr1:161458396-161458728,,,,,
ICR_70,chr1:161472562-161472609,,,,,
ICR_71,chr1:164087963-164088420,,,,,
ICR_72,chr1:166343070-166343120,,,,,
ICR_73,chr1:168056307-168056468,,,,,
ICR_74,chr1:175505315-175505505,,,,,
ICR_75^,chr1:176313754-176314036,,,,,
ICR_76^,chr1:179586745-179586852,,,,,
ICR_77^,chr1:180935406-180935498,,,,,
ICR_78^,chr1:203076164-203076460,,,,,
ICR_79^,chr1:203861024-203861206,,,,,
ICR_80*^,chr1:204829545-204831249,,,,,
ICR_81^,chr1:208044765-208045294,ZFP57,,,,
ICR_82^,chr1:209645908-209646203,,,,,
ICR_83^,chr1:226127234-226127411,,,,,
ICR_84,chr1:227558329-227558593,,,,,
ICR_85^,chr1:228174003-228174086,,,,,
ICR_86,chr1:228470749-228471025,ZFP57,,,,
ICR_87,chr1:228617766-228617825,,,,,
ICR_88,chr1:228619143-228619258,,,,,
ICR_89^,chr1:228620967-228621017,,,,,
ICR_90^,chr1:228622208-228622303,,,,,
ICR_91,chr1:228625042-228625229,,,,,
ICR_92^,chr1:228632865-228633148,,,,,
ICR_93^,chr1:228635189-228635657,,,,,
ICR_94,chr1:228636250-228636431,,,,,
ICR_95^,chr1:228637728-228637831,,,,,
ICR_96^,chr1:228754271-228755024,,,,,
ICR_97,chr1:228755198-228755269,,,,,
ICR_98*^,chr1:234231622-234231851,,,,,
ICR_99^,chr1:234356908-234357513,ZFP57,,,,
ICR_100^,chr1:234955629-234956306,,,,,
ICR_101^,chr1:236120016-236120293,,,,,
ICR_102*^,chr1:240492941-240493380,ZFP57,,,,
ICR_103*^,chr1:243101535-243101819,,,,,
ICR_104,chr1:243916707-243916919,,,,,
ICR_105,chr1:244048598-244048661,,,,,
ICR_106^,chr1:244729465-244729883,ZFP57,,,,
ICR_107,chr1:245688553-245688677,,,,,
ICR_108,chr1:247518137-247518222,,,,,
ICR_109,chr1:247530969-247531234,,,,,
ICR_110,chr1:248692088-248692168,,,,,
ICR_111,chr2:11106-11299,ZFP57,,,,
ICR_112,chr2:636482-636639,,,,,
ICR_113,chr2:730278-730395,,,,,
ICR_114*^,chr2:25161155-25161328,,,,,
ICR_115*,chr2:26728575-26728788,ZFP57,,,,
ICR_116^,chr2:28342638-28342806,,,,,
ICR_117,chr2:31581451-31581676,,,,,
ICR_118^,chr2:36240518-36240688,,,,,
ICR_119^,chr2:39243625-39244106,,,,,
ICR_120^,chr2:42961751-42962095,,,,,
ICR_121^,chr2:44885640-44886022,,,,,
ICR_122^,chr2:44947693-44949267,,,,,
ICR_123^,chr2:49229257-49229842,,,,,
ICR_124^,chr2:53961656-53961932,,,,,
ICR_125,chr2:54289850-54290281,,,,,
ICR_126^,chr2:68679047-68679733,,,,,
ICR_127,chr2:90245081-90245412,,,,,
ICR_128,chr2:91414357-91414491,,,,,
ICR_129,chr2:91459090-91459930,,,,,
ICR_130,chr2:91748715-91748860,ZFP57,,,,
ICR_131,chr2:91940731-91945010,,,,,
ICR_132,chr2:91974862-91974933,,,,,
ICR_133^,chr2:95078802-95079392,,,,,
ICR_134,chr2:97724050-97724186,ZFP57,,,,
ICR_135^,chr2:98822248-98822374,ZFP57,,,,
ICR_136,chr2:105180733-105181408,,,,,
ICR_137,chr2:105236991-105237239,,,,,
ICR_138,chr2:106584530-106584661,,,,,
ICR_139,chr2:107132074-107132624,,,,,
ICR_140^,chr2:112433099-112433213,,,,,
ICR_141*^,chr2:117859040-117859178,ZFP57,,,,
ICR_142*^,chr2:119350054-119351113,,,,,
ICR_143^,chr2:119430482-119430908,,,,,
ICR_144,chr2:120526146-120526533,,,,,
ICR_145,chr2:121076853-121076911,,,,,
ICR_146*^,chr2:127695526-127695730,,,,,
ICR_147^,chr2:128493617-128493806,ZFP57,,,,
ICR_148^,chr2:128607622-128608057,,,,,
ICR_149^,chr2:128901753-128902169,,,,,
ICR_150*^,chr2:129587442-129587521,,,,,
ICR_151*,chr2:130036983-130037204,,,,,
ICR_152^,chr2:130037808-130038132,,,,,
ICR_153,chr2:131647235-131647405,,,,,
ICR_154^,chr2:131724040-131724118,ZFP57,,,,
ICR_155^,chr2:131724345-131724375,ZFP57,,,,
ICR_156^,chr2:132273072-132273187,,,,,
ICR_157,chr2:149320367-149320581,,,,,
ICR_158,chr2:161340716-161341095,ZFP57,,,,
ICR_159^,chr2:162243085-162244421,,,,,
ICR_160,chr2:163026310-163026448,,,,,
ICR_161^,chr2:173217299-173217391,,,,,
ICR_162^,chr2:179429150-179429367,,,,,
ICR_163*^,chr2:181574336-181575348,,,,,
ICR_164^,chr2:201139399-201139980,,,,,
ICR_165^,chr2:206250433-206252905,,ZFP445,ZFP445,,
ICR_166,chr2:206253064-206254113,,,,,
ICR_167^,chr2:206257411-206257639,,,,,
ICR_168,chr2:206257801-206258345,,,,,
ICR_169*,chr2:206258596-206260336,,,,,
ICR_170*,chr2:206260650-206261209,,,,,
ICR_171,chr2:206262500-206263975,,,,,
ICR_172,chr2:206264112-206264458,,,,,
ICR_173,chr2:206267203-206267661,,,,,
ICR_174,chr2:206268137-206268603,,,,,
ICR_175,chr2:206269730-206270167,,,,,
ICR_176,chr2:206272290-206272946,,,,,
ICR_177,chr2:218890039-218890255,,,,,
ICR_178^,chr2:229180860-229180972,,,,,
ICR_179,chr2:230849889-230849990,,,,,
ICR_180^,chr2:230991059-230991241,ZFP57,,,,
ICR_181,chr2:232409725-232409943,,,,,
ICR_182^,chr2:234168141-234168738,,,,,
ICR_183^,chr2:235503242-235503454,,,,,
ICR_184*^,chr2:236642778-236643076,,,,,
ICR_185,chr2:236803775-236804140,,,,,
ICR_186^,chr2:237156450-237156745,,,,,
ICR_187*^,chr2:241901656-241902337,ZFP57,,,,
ICR_188,chr2:241902453-241902725,ZFP57,,,,
ICR_189,chr2:241936452-241936540,ZFP57,,,,
ICR_190^,chr2:242088455-242088503,,,,,
ICR_191,chr3:147595-148344,,,,,
ICR_192,chr3:8679127-8679350,,,,,
ICR_193^,chr3:12768912-12768970,,,,,
ICR_194^,chr3:14366359-14366571,,,,,
ICR_195,chr3:15333009-15333079,ZFP57,,,,
ICR_196^,chr3:23918444-23918675,,,,,
ICR_197^,chr3:24303492-24303789,,,,,
ICR_198,chr3:28200466-28200710,,,,,
ICR_199,chr3:30893926-30894319,,,,,
ICR_200*^,chr3:39502701-39502946,ZFP57,,,,
ICR_201^,chr3:42936229-42936568,,,,,
ICR_202,chr3:44580918-44580941,,,,,
ICR_203*^,chr3:46558604-46558922,,,,,
ICR_204,chr3:48661163-48661239,ZFP57,ZFP57,,,
ICR_205,chr3:49984615-49984640,,,,,
ICR_206,chr3:50193735-50193801,,,,,
ICR_207,chr3:50481168-50481455,,,,,
ICR_208^,chr3:71694475-71695649,,,,,
ICR_209,chr3:72928978-72929098,,,,,
ICR_210^,chr3:75668913-75669631,,,,,
ICR_211,chr3:96776774-96777017,,,,,
ICR_212^,chr3:105882523-105882796,,,,,
ICR_213,chr3:119499238-119499379,,,,,
ICR_214*^,chr3:122660742-122660862,,,,,
ICR_215^,chr3:123392054-123392784,,,,,
ICR_216^,chr3:125596053-125596150,,,,,
ICR_217^,chr3:128152943-128153045,,,,,
ICR_218*^,chr3:128653427-128653781,ZFP57,ZFP445,,,
ICR_219^,chr3:128850048-128850116,,,,,
ICR_220^,chr3:132137120-132137290,,,,,
ICR_221*^,chr3:133472371-133472539,,,,,
ICR_222*^,chr3:133783815-133783983,,,,,
ICR_223,chr3:139020330-139020407,,,,,
ICR_224,chr3:139020541-139020685,,,,,
ICR_225,chr3:139044474-139044516,,,,,
ICR_226,chr3:139044727-139044832,,,,,
ICR_227*^,chr3:147297676-147298367,,,,,
ICR_228*^,chr3:150865529-150865545,,,,,
ICR_229^,chr3:156120781-156120929,,,,,
ICR_230^,chr3:184563668-184564356,,,,,
ICR_231,chr3:190964768-190965274,,,,,
ICR_232,chr3:192155034-192155319,,,,,
ICR_233*^,chr3:194985002-194985099,,,,,
ICR_234^,chr3:195657480-195657559,,,,,
ICR_235^,chr3:196202554-196202768,,,,,
ICR_236,chr4:946826-947059,,,,,
ICR_237^,chr4:1046483-1046702,,,,,
ICR_238*^,chr4:1050914-1051080,ZFP57,,,,
ICR_239,chr4:1053635-1054116,,,,,
ICR_240,chr4:1054960-1055444,,,,,
ICR_241*^,chr4:1729830-1729985,,,,,
ICR_242,chr4:2428432-2428625,,,,,
ICR_243*^,chr4:2463493-2463856,,,,,
ICR_244,chr4:3702565-3703061,,,,,
ICR_245,chr4:3744716-3744881,,,,,
ICR_246^,chr4:3771074-3771481,,,,,
ICR_247,chr4:4225388-4226028,,,,,
ICR_248^,chr4:4669027-4669135,,,,,
ICR_249,chr4:4863227-4864029,ZFP57,ZFP57,,,
ICR_250^,chr4:6105593-6105924,,,,,
ICR_251,chr4:8581258-8581331,,,,,
ICR_252,chr4:9758799-9758944,,ZFP445,,,
ICR_253,chr4:11369191-11369261,,,,,
ICR_254^,chr4:39406796-39407320,,,,,
ICR_255,chr4:41876102-41876861,,,,,
ICR_256^,chr4:48482621-48482980,ZFP57,,,,
ICR_257,chr4:49109121-49109481,,,,,
ICR_258,chr4:49166180-49166547,,,,,
ICR_259^,chr4:49177791-49178205,,,,,
ICR_260,chr4:49192403-49192770,,,,,
ICR_261,chr4:49229452-49230196,,,,,
ICR_262,chr4:49265753-49267308,,,,,
ICR_263,chr4:49270757-49270848,,,,,
ICR_264,chr4:49298644-49298769,,,,,
ICR_265,chr4:49603848-49604494,,,,,
ICR_266,chr4:49642753-49643262,,,,,
ICR_267,chr4:54149372-54149720,,,,,
ICR_268,chr4:55158026-55158180,,,,,
ICR_269,chr4:56592494-56592653,,,,,
ICR_270,chr4:62816669-62816883,,,,,
ICR_271^,chr4:73981863-73981993,,,,,
ICR_272,chr4:75886200-75886450,,,,,
ICR_273^,chr4:81153935-81154202,,,,,
ICR_274,chr4:82758740-82759068,,,,,
ICR_275^,chr4:88697244-88698085,ZFP57,,,,
ICR_276,chr4:91791367-91792040,,,,,
ICR_277^,chr4:104592591-104593731,,,,,
ICR_278,chr4:121932565-121932847,,,,,
ICR_279,chr4:127964172-127964235,,,,,
ICR_280,chr4:150809860-150809929,,,,,
ICR_281,chr4:152009424-152009915,,,,,
ICR_282,chr4:154781727-154782004,,,,,
ICR_283,chr4:163331221-163331460,,,,,
ICR_284^,chr4:173608770-173608942,,,,,
ICR_285^,chr4:182212369-182212795,,,,,
ICR_286,chr4:182346897-182347310,,,,,
ICR_287*^,chr4:184097251-184097401,,,,,
ICR_288,chr4:186189851-186190416,,,,,
ICR_289^,chr4:189810877-189811009,,,,,
ICR_290,chr4:190021742-190021948,,,,,
ICR_291,chr4:190022092-190022198,,,,,
ICR_292,chr4:190066841-190066973,,,,,
ICR_293,chr4:190085155-190085236,ZFP57,ZFP57,ZFP445,,
ICR_294,chr4:190085786-190085962,ZFP57,ZFP57,ZFP445,,
ICR_295,chr4:190089486-190089578,ZFP57,ZFP57,ZFP445,,
ICR_296,chr4:190091776-190091849,ZFP57,ZFP57,ZFP445,,
ICR_297^,chr5:346459-346789,,,,,
ICR_298^,chr5:415358-415697,,,,,
ICR_299,chr5:562044-562200,,ZFP445,,,
ICR_300,chr5:580390-580767,,,,,
ICR_301,chr5:1245747-1245898,,,,,
ICR_302,chr5:1295800-1295873,,,,,
ICR_303^,chr5:1725000-1725304,,,,,
ICR_304^,chr5:3300821-3301257,,,,,
ICR_305,chr5:3490977-3491228,,,,,
ICR_306^,chr5:8457195-8457623,,,,,
ICR_307,chr5:15096609-15096652,,,,,
ICR_308^,chr5:28927612-28928264,ZFP57,,,,
ICR_309,chr5:33937276-33937320,,,,,
ICR_310^,chr5:37208980-37209149,,,,,
ICR_311,chr5:45869231-45870958,,,,,
ICR_312,chr5:45956331-45957172,,,,,
ICR_313,chr5:46090381-46091444,,,,,
ICR_314*^,chr5:54985354-54985551,,,,,
ICR_315,chr5:55178062-55178152,,,,,
ICR_316,chr5:61816262-61816407,,,,,
ICR_317^,chr5:71851012-71851744,,,,,
ICR_318,chr5:79070007-79070129,,,,,
ICR_319^,chr5:80650716-80650931,,,,,
ICR_320^,chr5:93078599-93078980,,,,,
ICR_321*^,chr5:93603307-93603843,ZFP57,,,,
ICR_322,chr5:98839610-98839686,,,,,
ICR_323,chr5:101783627-101784015,,,,,
ICR_324,chr5:110894251-110894443,,,,,
ICR_325^,chr5:134927018-134927085,,,,,
ICR_326*^,chr5:136079156-136079563,,,,,
ICR_327^,chr5:136079902-136080957,,,,,
ICR_328,chr5:140787699-140787751,,,,,
ICR_329,chr5:140802885-140802957,,,,,
ICR_330,chr5:140808752-140808810,,,,,
ICR_331,chr5:140809262-140809383,,,,,
ICR_332,chr5:140829825-140830061,,,,,
ICR_333,chr5:140857946-140858024,,,,,
ICR_334,chr5:140877391-140877445,,,,,
ICR_335,chr5:140877578-140877663,,,,,
ICR_336,chr5:141242237-141242941,,,,,
ICR_337,chr5:141304191-141304290,,,,,
ICR_338,chr5:141332572-141332739,,,,,
ICR_339,chr5:141339675-141339766,,,,,
ICR_340,chr5:141345713-141345776,,,,,
ICR_341,chr5:141357041-141357110,,,,,
ICR_342,chr5:141375969-141376059,,,,,
ICR_343,chr5:141384677-141384771,,,,,
ICR_344,chr5:141441693-141441739,,,,,
ICR_345^,chr5:148320801-148320873,,,,,
ICR_346,chr5:156850521-156850587,,,,,
ICR_347*^,chr5:157690422-157690546,ZFP57,,,,
ICR_348,chr5:157690810-157691003,ZFP57,,,,
ICR_349,chr5:158737352-158737526,,,,,
ICR_350,chr5:169636668-169636916,,,,,
ICR_351^,chr5:170252002-170253184,,,,,
ICR_352,chr5:171319025-171319892,,,,,
ICR_353,chr5:172602845-172603197,,,,,
ICR_354*^,chr5:172669973-172670257,,,,,
ICR_355*^,chr5:174307035-174307309,,,,,
ICR_356^,chr5:174728525-174729356,,,,,
ICR_357*^,chr5:176533712-176534104,,,,,
ICR_358,chr5:176785238-176785536,,,,,
ICR_359,chr5:176847082-176847171,,,,,
ICR_360^,chr5:179167525-179167654,,,,,
ICR_361*^,chr5:180313866-180314305,ZFP57,,,,
ICR_362,chr5:181070516-181070836,,,,,
ICR_363,chr5:181165042-181165201,,,,,
ICR_364,chr5:181195548-181195743,,,,,
ICR_365^,chr6:2902061-2902302,ZFP57,,,,
ICR_366*^#,chr6:3848794-3850307,ZFP57,,,,
ICR_367^,chr6:10099407-10099822,,,,,
ICR_368^,chr6:10719974-10720222,,,,,
ICR_369,chr6:13743286-13743421,,,,,
ICR_370,chr6:17580224-17580357,,,,,
ICR_371,chr6:18019754-18019871,,,,,
ICR_372*^,chr6:27050175-27050547,,,,,
ICR_373,chr6:27556793-27556990,,,,,
ICR_374,chr6:27653092-27653518,,,,,
ICR_375,chr6:27678994-27679178,,,,,
ICR_376,chr6:27827550-27827724,ZFP57,ZFP57,,,
ICR_377,chr6:28215873-28216059,ZFP57,,,,
ICR_378^,chr6:28633523-28634104,,,,,
ICR_379^,chr6:28695689-28695979,,,,,
ICR_380,chr6:28742326-28742467,,,,,
ICR_381*^,chr6:28984825-28984972,,,,,
ICR_382*^,chr6:29014836-29015081,ZFP57,,,,
ICR_383,chr6:29681034-29681124,,,,,
ICR_384,chr6:30452078-30452687,,,,,
ICR_385^,chr6:30781799-30782146,,,,,
ICR_386^,chr6:30914814-30915097,,,,,
ICR_387,chr6:31971329-31971620,,,,,
ICR_388^,chr6:32131303-32131374,,,,,
ICR_389,chr6:32761693-32761864,,,,,
ICR_390*^,chr6:32885680-32886046,,,,,
ICR_391^,chr6:33697197-33697381,,,,,
ICR_392*,chr6:35786951-35787246,,,,,
ICR_393^,chr6:39367315-39368095,,,,,
ICR_394^,chr6:41627093-41627387,,,,,
ICR_395^,chr6:42727577-42727793,ZFP57,,,,
ICR_396,chr6:57810795-57811153,,,,,
ICR_397*^,chr6:77368678-77369083,,,,,
ICR_398,chr6:99823198-99823660,,,,,
ICR_399^,chr6:104885426-104885717,,,,,
ICR_400*^,chr6:111662711-111663342,ZFP57,,,,
ICR_401,chr6:112366898-112367109,ZFP57,,,,
ICR_402,chr6:112367498-112367712,,,,,
ICR_403^,chr6:129172756-129173045,,,,,
ICR_404^#,chr6:144006941-144008825,ZFP57,,,,
ICR_405,chr6:144186986-144187105,,,,,
ICR_406^,chr6:146803701-146803860,ZFP57,,,,
ICR_407,chr6:149986298-149986661,,,,,
ICR_408^,chr6:154359181-154360192,,,,,
ICR_409,chr6:160005401-160005610,ZFP57,,,,
ICR_410^,chr6:160006184-160006584,ZFP57,,,,
ICR_411^,chr6:163355423-163355849,,,,,
ICR_412,chr6:166758163-166758556,,,,,
ICR_413,chr6:167196311-167197315,,,,,
ICR_414^,chr6:167341434-167342866,,,,,
ICR_415^,chr6:167349763-167350130,,,,,
ICR_416^,chr6:167667943-167668201,,,,,
ICR_417^,chr6:168035599-168035887,,,,,
ICR_418*,chr6:168417326-168417653,,,,,
ICR_419,chr6:168638540-168638869,,,,,
ICR_420*^,chr6:169421049-169421128,,,,,
ICR_421*^,chr6:169654761-169654900,,,,,
ICR_422^,chr6:170286029-170286332,,,,,
ICR_423*^,chr6:170423032-170423404,,,,,
ICR_424*^,chr7:31403-31557,,,,,
ICR_425,chr7:291320-291450,,ZFP445,,,
ICR_426^,chr7:343522-343641,,,,,
ICR_427^,chr7:360518-360693,,,,,
ICR_428,chr7:421345-421408,,,,,
ICR_429,chr7:1041228-1041314,ZFP57,ZFP57,,,
ICR_430^,chr7:1159057-1159224,,,,,
ICR_431^,chr7:1592600-1592972,,,,,
ICR_432,chr7:1663342-1663514,,,,,
ICR_433,chr7:1854262-1854393,ZFP57,,,,
ICR_434*^,chr7:2019844-2020175,,,,,
ICR_435^,chr7:2665066-2665200,,,,,
ICR_436*^,chr7:3089399-3089604,,,,,
ICR_437^,chr7:4101908-4102617,,,,,
ICR_438*^,chr7:4739360-4739913,,,,,
ICR_439*^,chr7:5144439-5144757,,,,,
ICR_440^,chr7:16464182-16464644,,,,,
ICR_441,chr7:19194875-19195144,,,,,
ICR_442^,chr7:22821364-22821611,,,,,
ICR_443^,chr7:23490490-23491453,ZFP57,,,,
ICR_444,chr7:25866370-25866563,,,,,
ICR_445^,chr7:26593585-26593990,,,,,
ICR_446*^,chr7:28529301-28530933,,,,,
ICR_447,chr7:32763314-32763459,,,,,
ICR_448^,chr7:32905942-32906069,,,,,
ICR_449,chr7:34905972-34906557,,,,,
ICR_450,chr7:39834493-39834768,,ZFP445,,,
ICR_451^,chr7:41990814-41991507,,,,,
ICR_452^,chr7:45564015-45564354,,,,,
ICR_453^,chr7:47576623-47576932,,,,,
ICR_454*^#,chr7:50781638-50783354,ZFP57,,,,
ICR_455,chr7:55005217-55005455,,,,,
ICR_456^,chr7:55774811-55775090,,,,,
ICR_457,chr7:56508815-56510506,,,,,
ICR_458,chr7:56605244-56605356,,,,,
ICR_459,chr7:57325717-57326749,,,,,
ICR_460,chr7:57424516-57424553,,,,,
ICR_461,chr7:58074538-58076031,,,,,
ICR_462,chr7:60945007-60945409,,,,,
ICR_463,chr7:61084697-61086368,,,,,
ICR_464,chr7:62276176-62276296,,,,,
ICR_465,chr7:62379353-62379440,,,,,
ICR_466,chr7:62379749-62379858,,,,,
ICR_467,chr7:63931261-63931288,,,,,
ICR_468^,chr7:67772905-67773321,,,,,
ICR_469,chr7:69233760-69233973,,,,,
ICR_470^,chr7:73330191-73330782,,,,,
ICR_471^,chr7:73345069-73346101,,,,,
ICR_472,chr7:76047075-76047217,,,,,
ICR_473^,chr7:76150206-76150703,,,,,
ICR_474*^,chr7:76499727-76499956,,,,,
ICR_475*^,chr7:94656360-94658647,,,,,
ICR_476,chr7:100482861-100482979,,,,,
ICR_477*^,chr7:102441702-102441973,,,,,
ICR_478^,chr7:103146271-103147608,,,,,
ICR_479,chr7:108003883-108003977,ZFP57,,,,
ICR_480^,chr7:127587705-127587806,,,,,
ICR_481*^#,chr7:130490640-130494200,ZFP57,ZFP57,ZFP445,ZFP445,
ICR_482^,chr7:132436227-132436368,,,,,
ICR_483^,chr7:137753320-137753978,,,,,
ICR_484^,chr7:138664218-138664771,,ZFP445,,,
ICR_485,chr7:143511187-143511662,,,,,
ICR_486^,chr7:149191062-149191272,,,,,
ICR_487^,chr7:150111840-150112171,,,,,
ICR_488,chr7:152553885-152553929,,,,,
ICR_489,chr7:152910856-152911190,,,,,
ICR_490*^,chr7:154892532-154892702,,,,,
ICR_491,chr7:155071148-155071376,,,,,
ICR_492,chr7:155383638-155384080,ZFP57,,,,
ICR_493,chr7:155796475-155796717,,,,,
ICR_494,chr7:156942573-156942686,,,,,
ICR_495^,chr7:156948793-156948844,ZFP57,,,,
ICR_496^,chr7:157613781-157614069,ZFP57,ZFP57,,,
ICR_497,chr7:158164299-158164379,,,,,
ICR_498*^,chr7:158973581-158973792,ZFP57,ZFP57,,,
ICR_499^,chr7:158996856-158997515,ZFP57,ZFP57,,,
ICR_500,chr7:159112595-159112828,,,,,
ICR_501,chr8:266760-266871,,,,,
ICR_502,chr8:828261-828821,,,,,
ICR_503,chr8:882678-883012,ZFP57,,,,
ICR_504*^,chr8:947055-947158,,,,,
ICR_505^,chr8:1373020-1373561,,,,,
ICR_506*^,chr8:1548800-1548981,,,,,
ICR_507,chr8:1816612-1816668,,,,,
ICR_508^,chr8:2727637-2727760,,,,,
ICR_509,chr8:6835991-6836189,,,,,
ICR_510,chr8:8703090-8703190,ZFP57,,,,
ICR_511*^,chr8:10726381-10726606,,,,,
ICR_512,chr8:12537464-12537632,,,,,
ICR_513,chr8:16944318-16944618,,,,,
ICR_514,chr8:17248325-17248464,,,,,
ICR_515,chr8:22118860-22119045,,,,,
ICR_516,chr8:22696910-22697886,,,,,
ICR_517,chr8:27451272-27451531,,,,,
ICR_518*^,chr8:27472461-27472768,,,,,
ICR_519,chr8:27592886-27593135,,,,,
ICR_520^,chr8:29401757-29402242,,,,,
ICR_521*^,chr8:30913081-30913176,,,,,
ICR_522^,chr8:37699369-37699633,,,,,
ICR_523^,chr8:37747687-37748265,,,,,
ICR_524,chr8:38383668-38383854,,,,,
ICR_525,chr8:43489686-43491049,,,,,
ICR_526,chr8:43815675-43816549,,,,,
ICR_527,chr8:46918223-46918380,,,,,
ICR_528^,chr8:47763160-47763510,,,,,
ICR_529,chr8:53712396-53712494,,,,,
ICR_530,chr8:54469228-54469434,ZFP57,,,,
ICR_531^,chr8:56117670-56117858,,,,,
ICR_532,chr8:57142945-57143502,ZFP57,,,,
ICR_533,chr8:57280020-57280373,ZFP57,,,,
ICR_534*^,chr8:60713942-60714366,,,,,
ICR_535^,chr8:65166236-65166399,,,,,
ICR_536^,chr8:69690060-69690369,,,,,
ICR_537^,chr8:72074820-72075145,,,,,
ICR_538*^,chr8:92627659-92628162,,,,,
ICR_539*^,chr8:94119578-94120523,,,,,
ICR_540^,chr8:101108707-101109141,,,,,
ICR_541*^,chr8:101277219-101278202,,,,,
ICR_542*^,chr8:102528555-102528786,,,,,
ICR_543^,chr8:104367348-104367629,,,,,
ICR_544^,chr8:108139804-108140486,,,,,
ICR_545,chr8:110202766-110202966,,,,,
ICR_546^,chr8:122721576-122721969,,,,,
ICR_547*^,chr8:135457371-135457395,,,,,
ICR_548*^,chr8:140098048-140100981,ZFP57,ZFP57,ZFP445,ZFP445,
ICR_549,chr8:140349279-140349564,,,,,
ICR_550,chr8:141723822-141724064,,,,,
ICR_551*^,chr8:142700449-142700581,ZFP57,,,,
ICR_552*^,chr8:143276904-143277146,ZFP57,ZFP57,,,
ICR_553,chr8:143399766-143399977,,,,,
ICR_554,chr8:143420516-143420723,,,,,
ICR_555^,chr8:143728031-143728348,ZFP57,ZFP445,,,
ICR_556,chr8:143772211-143772259,ZFP57,,,,
ICR_557*^,chr8:143934133-143934333,,,,,
ICR_558^,chr8:144429035-144429244,,,,,
ICR_559^,chr9:9557059-9558061,,,,,
ICR_560^,chr9:20658358-20658783,,,,,
ICR_561^,chr9:21997429-22000964,,,,,
ICR_562*^,chr9:35036051-35036291,,,,,
ICR_563,chr9:37800197-37800386,,,,,
ICR_564,chr9:38487573-38487989,,,,,
ICR_565,chr9:38526772-38526937,,,,,
ICR_566,chr9:40106359-40106534,,,,,
ICR_567,chr9:40584159-40584282,,,,,
ICR_568,chr9:40584494-40584535,,,,,
ICR_569,chr9:41237465-41237605,,,,,
ICR_570,chr9:41267302-41267410,,,,,
ICR_571,chr9:41273436-41273534,,,,,
ICR_572,chr9:42725366-42725715,,,,,
ICR_573,chr9:43310884-43310973,,,,,
ICR_574,chr9:43312148-43312374,,,,,
ICR_575,chr9:61634706-61634830,,,,,
ICR_576^,chr9:62830466-62830683,,,,,
ICR_577,chr9:62833773-62833859,,,,,
ICR_578,chr9:62844696-62844981,,,,,
ICR_579,chr9:62915277-62915432,,,,,
ICR_580,chr9:63703993-63704066,,,,,
ICR_581,chr9:63705422-63705648,,,,,
ICR_582,chr9:63758459-63759888,,,,,
ICR_583,chr9:63781885-63782006,,,,,
ICR_584,chr9:63783945-63784110,,,,,
ICR_585*,chr9:63784657-63784765,,,,,
ICR_586,chr9:63816391-63816562,,,,,
ICR_587^,chr9:63816764-63816827,,,,,
ICR_588,chr9:63871753-63873362,,,,,
ICR_589,chr9:63874323-63875499,,,,,
ICR_590,chr9:64015992-64016150,,,,,
ICR_591,chr9:64072047-64072115,,,,,
ICR_592,chr9:65385432-65385641,,,,,
ICR_593,chr9:65566060-65566418,,,,,
ICR_594,chr9:66198551-66198816,,,,,
ICR_595,chr9:66266929-66267052,,,,,
ICR_596,chr9:66270138-66270217,,,,,
ICR_597,chr9:67720383-67720553,,,,,
ICR_598^,chr9:84272060-84272363,,,,,
ICR_599^,chr9:85077205-85077528,,,,,
ICR_600,chr9:87944657-87944766,,,,,
ICR_601^,chr9:89282235-89282503,,,,,
ICR_602,chr9:89859835-89860135,,,,,
ICR_603^,chr9:95313103-95313511,,,,,
ICR_604*^,chr9:96177087-96177730,,,,,
ICR_605,chr9:105519837-105519944,,,,,
ICR_606*^,chr9:107738565-107738693,,,,,
ICR_607^,chr9:110172756-110173053,,,,,
ICR_608,chr9:113062954-113063358,ZFP57,ZFP57,ZFP445,,
ICR_609*^,chr9:117642714-117642890,,,,,
ICR_610*,chr9:120843544-120843654,ZFP57,,,,
ICR_611^,chr9:121305691-121305944,,,,,
ICR_612,chr9:123356551-123356966,,,,,
ICR_613,chr9:124453066-124453097,,,,,
ICR_614,chr9:126206071-126206408,,,,,
ICR_615^,chr9:127897741-127897833,,,,,
ICR_616^,chr9:128415922-128416668,,,,,
ICR_617,chr9:130327055-130327332,,,,,
ICR_618^,chr9:131681863-131682453,,,,,
ICR_619*^,chr9:133656561-133656899,ZFP57,,,,
ICR_620^,chr9:134626633-134626781,,,,,
ICR_621^,chr9:134800924-134801207,,,,,
ICR_622*^,chr9:135253830-135253970,,,,,
ICR_623,chr9:135605044-135605311,,,,,
ICR_624,chr9:135718080-135718453,,,,,
ICR_625^,chr9:136656981-136657090,,,,,
ICR_626,chr9:137145779-137145957,,,,,
ICR_627^,chr9:137306698-137307023,,,,,
ICR_628,chr9:137388287-137388459,,,,,
ICR_629,chr9:138220832-138220984,,,,,
ICR_630*^,chr10:789268-789465,,,,,
ICR_631*^,chr10:1297781-1298190,,,,,
ICR_632,chr10:1363307-1363351,ZFP57,,,,
ICR_633^,chr10:5645451-5645631,,,,,
ICR_634,chr10:6891176-6891381,,,,,
ICR_635^,chr10:7438568-7438955,,,,,
ICR_636^,chr10:7533053-7533508,,,,,
ICR_637^,chr10:8296350-8296684,,,,,
ICR_638^,chr10:13158505-13158697,ZFP57,,,,
ICR_639^,chr10:14588077-14588478,,,,,
ICR_640^,chr10:18261294-18261435,,,,,
ICR_641^,chr10:24519852-24520359,,,,,
ICR_642^,chr10:26946192-26946511,,,,,
ICR_643*^,chr10:27413523-27414477,,,,,
ICR_644^,chr10:28326170-28327001,,,,,
ICR_645^,chr10:30431646-30431844,,,,,
ICR_646,chr10:38727852-38728509,,,,,
ICR_647,chr10:38786641-38786908,,,,,
ICR_648,chr10:38942427-38942486,,,,,
ICR_649,chr10:38942778-38942877,,,,,
ICR_650,chr10:42118216-42121531,,,,,
ICR_651,chr10:42149862-42149921,,,,,
ICR_652,chr10:42151841-42153075,,,,,
ICR_653,chr10:42241615-42241757,,,,,
ICR_654^,chr10:43078143-43078252,,,,,
ICR_655,chr10:43689371-43689485,,,,,
ICR_656^,chr10:43910440-43910803,,,,,
ICR_657*^,chr10:45249637-45250053,,,,,
ICR_658,chr10:45600493-45600614,ZFP57,,,,
ICR_659,chr10:61867420-61867672,,,,,
ICR_660*^,chr10:61867799-61868187,,,,,
ICR_661^,chr10:64924402-64924675,,,,,
ICR_662,chr10:66927121-66927439,,,,,
ICR_663^,chr10:68526085-68526595,,,,,
ICR_664^,chr10:71266448-71266685,,,,,
ICR_665^,chr10:71279400-71279528,,,,,
ICR_666^,chr10:78356394-78357287,,,,,
ICR_667^,chr10:80136121-80136538,,,,,
ICR_668,chr10:86388993-86389094,ZFP57,,,,
ICR_669*^,chr10:91745083-91745329,,,,,
ICR_670,chr10:92592233-92592408,,,,,
ICR_671,chr10:93065339-93065536,ZFP57,,,,
ICR_672*,chr10:95230515-95230706,,,,,
ICR_673,chr10:97578444-97578664,,,,,
ICR_674^,chr10:97974158-97974573,,,,,
ICR_675,chr10:100669022-100669173,,,,,
ICR_676,chr10:102409678-102409976,,,,,
ICR_677,chr10:102433070-102433216,,,,,
ICR_678,chr10:103585098-103585172,ZFP57,,,,
ICR_679,chr10:104275410-104275792,,,,,
ICR_680*^,chr10:116809589-116809702,,,,,
ICR_681*^,chr10:119817943-119819030,ZFP57,,,,
ICR_682^,chr10:124589490-124589769,,,,,
ICR_683*,chr10:125370442-125370643,,,,,
ICR_684,chr10:125773898-125774247,ZFP57,,,,
ICR_685^,chr10:125896694-125896736,,,,,
ICR_686*^,chr10:126882020-126882047,,,,,
ICR_687^,chr10:127911380-127911781,,,,,
ICR_688,chr10:129833441-129834121,,,,,
ICR_689^,chr10:130301062-130301272,,,,,
ICR_690,chr10:131884686-131885233,,,,,
ICR_691,chr10:132044138-132044430,,,,,
ICR_692^,chr10:132965246-132965501,,,,,
ICR_693,chr10:133099321-133099567,,,,,
ICR_694,chr10:133246176-133246423,,,,,
ICR_695,chr10:133569810-133570081,ZFP57,ZFP57,,,
ICR_696,chr10:133622471-133622653,,,,,
ICR_697,chr10:133655010-133656362,,,,,
ICR_698,chr10:133666076-133666119,,,,,
ICR_699,chr10:133675112-133675277,,,,,
ICR_700,chr10:133682103-133682144,,,,,
ICR_701,chr10:133685048-133685212,,,,,
ICR_702,chr10:133689257-133690164,,,,,
ICR_703,chr10:133740759-133740834,ZFP57,,,,
ICR_704,chr10:133743836-133743911,ZFP57,ZFP445,,,
ICR_705,chr10:133749234-133749385,ZFP57,ZFP57,,,
ICR_706,chr10:133750697-133750793,ZFP57,ZFP57,ZFP445,,
ICR_707^,chr11:369961-370051,,,,,
ICR_708*^,chr11:396655-396870,,,,,
ICR_709*^,chr11:397385-397461,,ZFP445,,,
ICR_710^,chr11:400577-400771,ZFP57,ZFP445,,,
ICR_711,chr11:420604-420662,ZFP57,ZFP445,,,
ICR_712,chr11:424776-424992,ZFP57,ZFP445,,,
ICR_713,chr11:425254-425347,ZFP57,ZFP445,,,
ICR_714^,chr11:859644-859722,,,,,
ICR_715*,chr11:1453511-1453601,,,,,
ICR_716*^#,chr11:1997886-1999417,ZFP57,ZFP57,,,
ICR_717*^#,chr11:1999793-2000383,ZFP57,ZFP445,,,
ICR_718*^#,chr11:2000487-2001247,ZFP57,ZFP57,ZFP445,,
ICR_719*^#,chr11:2001655-2003118,ZFP57,ZFP445,,,
ICR_720*^#,chr11:2698157-2699485,ZFP57,ZFP445,,,
ICR_721*^#,chr11:2699814-2701210,ZFP57,,,,
ICR_722,chr11:2870172-2870432,ZFP57,,,,
ICR_723,chr11:3513882-3514062,,,,,
ICR_724*^,chr11:7088963-7089048,ZFP57,,,,
ICR_725,chr11:8262180-8262286,,,,,
ICR_726^,chr11:14259048-14259382,ZFP57,,,,
ICR_727,chr11:15651003-15651264,,,,,
ICR_728^,chr11:18107798-18107979,,,,,
ICR_729*^,chr11:18455848-18455995,,,,,
ICR_730,chr11:44328419-44329478,,,,,
ICR_731,chr11:49050003-49050137,,,,,
ICR_732,chr11:49851833-49852120,,,,,
ICR_733,chr11:55580528-55582100,,,,,
ICR_734,chr11:58963346-58963429,,,,,
ICR_735,chr11:59063032-59063174,,,,,
ICR_736^,chr11:60907137-60907586,ZFP57,,,,
ICR_737*^,chr11:62371153-62371400,,,,,
ICR_738^,chr11:64714283-64714884,,,,,
ICR_739,chr11:67607613-67607749,,,,,
ICR_740*^,chr11:68755017-68755448,,,,,
ICR_741^,chr11:77040373-77040529,,,,,
ICR_742^,chr11:77588835-77589141,,,,,
ICR_743,chr11:78196833-78196990,,,,,
ICR_744*^,chr11:96341424-96341836,,,,,
ICR_745,chr11:96410805-96411284,,,,,
ICR_746*^,chr11:102808050-102808297,,,,,
ICR_747*^,chr11:110209077-110209353,,,,,
ICR_748,chr11:116459010-116459314,,,,,
ICR_749,chr11:118721380-118721604,,,,,
ICR_750*^,chr11:119475095-119475642,,,,,
ICR_751*^,chr11:119942219-119942412,,,,,
ICR_752*^,chr11:119982974-119983610,,,,,
ICR_753*^,chr11:122556794-122557198,ZFP57,,,,
ICR_754*^,chr11:128451854-128452036,,,,,
ICR_755^,chr11:132792676-132793068,,,,,
ICR_756,chr11:133081840-133082221,,,,,
ICR_757,chr11:133222318-133222823,,,,,
ICR_758^,chr11:134466582-134466996,,,,,
ICR_759^,chr11:134851895-134852132,,,,,
ICR_760*^,chr12:199250-199841,,,,,
ICR_761*^,chr12:3420937-3421557,,,,,
ICR_762^,chr12:7639803-7640300,,,,,
ICR_763^,chr12:8227098-8227983,,,,,
ICR_764,chr12:9943209-9943571,,,,,
ICR_765,chr12:24562721-24562763,,,,,
ICR_766^,chr12:31119107-31120320,,,,,
ICR_767,chr12:31120459-31120874,,ZFP445,,,
ICR_768,chr12:34331950-34332139,,,,,
ICR_769^,chr12:34336036-34336101,,,,,
ICR_770,chr12:34342777-34342848,,,,,
ICR_771^,chr12:34346704-34346757,,,,,
ICR_772,chr12:34353479-34353547,,,,,
ICR_773,chr12:34354541-34354645,,,,,
ICR_774,chr12:34374083-34374112,,,,,
ICR_775,chr12:34602003-34602191,,,,,
ICR_776,chr12:37323065-37323465,,,,,
ICR_777,chr12:37568772-37569243,,,,,
ICR_778*^,chr12:38053778-38053848,,,,,
ICR_779,chr12:49543394-49543481,,,,,
ICR_780,chr12:51888213-51888322,,,,,
ICR_781^,chr12:52193633-52194445,,,,,
ICR_782,chr12:52321080-52321266,,,,,
ICR_783,chr12:54133068-54133783,,,,,
ICR_784*^,chr12:55996580-55996638,ZFP57,,,,
ICR_785,chr12:67719459-67719604,,,,,
ICR_786^,chr12:76319989-76320071,,,,,
ICR_787^,chr12:79710741-79711075,,,,,
ICR_788*,chr12:80513006-80513314,,,,,
ICR_789^,chr12:92503489-92504056,,,,,
ICR_790^,chr12:93894577-93894889,,,,,
ICR_791^,chr12:94261976-94262639,,,,,
ICR_792^,chr12:104506679-104507259,,,,,
ICR_793*,chr12:108768488-108768569,,,,,
ICR_794^,chr12:110247427-110248050,,,,,
ICR_795,chr12:110501049-110501164,,,,,
ICR_796,chr12:111037275-111037366,,,,,
ICR_797^,chr12:113766062-113766194,ZFP57,,,,
ICR_798,chr12:118106392-118106759,,,,,
ICR_799^,chr12:124259431-124259804,,,,,
ICR_800*^,chr12:124369462-124369821,,,,,
ICR_801^,chr12:124423210-124423379,,,,,
ICR_802^,chr12:124759333-124759536,,,,,
ICR_803^,chr12:125314148-125314524,,,,,
ICR_804^,chr12:130337933-130338027,,,,,
ICR_805^,chr12:130686671-130687021,,,,,
ICR_806^,chr12:131928302-131928452,,,,,
ICR_807*,chr12:132436944-132437228,ZFP57,,,,
ICR_808,chr12:132514078-132514147,,,,,
ICR_809,chr12:132603392-132603498,,,,,
ICR_810,chr13:16211038-16211596,,,,,
ICR_811,chr13:18662579-18665131,,,,,
ICR_812,chr13:19382308-19382395,,,,,
ICR_813,chr13:20129221-20129276,,,,,
ICR_814,chr13:20142811-20142911,ZFP57,,,,
ICR_815,chr13:20394546-20394785,,,,,
ICR_816,chr13:20415400-20415596,,,,,
ICR_817*,chr13:20436022-20436118,,,,,
ICR_818*^,chr13:21242471-21243094,,,,,
ICR_819*,chr13:22735653-22735791,,,,,
ICR_820,chr13:22736379-22736701,,,,,
ICR_821,chr13:23945647-23946368,,,,,
ICR_822,chr13:24637783-24637864,,,,,
ICR_823^,chr13:26187178-26187354,,,,,
ICR_824,chr13:46437983-46438129,,,,,
ICR_825,chr13:48317373-48317679,,,,,
ICR_826#,chr13:48317894-48321417,ZFP57,,,,
ICR_827*^,chr13:60267612-60268519,,,,,
ICR_828*^,chr13:80140976-80141757,,,,,
ICR_829^,chr13:80654682-80655272,,,,,
ICR_830^,chr13:98977628-98977816,,,,,
ICR_831^,chr13:100521893-100522472,,,,,
ICR_832^,chr13:106490937-106491301,,,,,
ICR_833*^,chr13:109869774-109870166,,,,,
ICR_834,chr13:110813152-110813255,,,,,
ICR_835,chr13:110813578-110813640,,,,,
ICR_836,chr13:111411595-111411773,,,,,
ICR_837^,chr13:113050720-113050828,,,,,
ICR_838^,chr13:113729641-113730537,,,,,
ICR_839*,chr13:113802775-113802965,,,,,
ICR_840,chr13:113937749-113938169,,,,,
ICR_841,chr13:114198821-114199079,,,,,
ICR_842,chr13:114199531-114199617,,,,,
ICR_843*,chr13:114199984-114200221,,,,,
ICR_844,chr14:18561725-18562488,,,,,
ICR_845,chr14:19729937-19732258,,,,,
ICR_846^,chr14:20624009-20624207,,,,,
ICR_847*^,chr14:20660009-20660687,,,,,
ICR_848,chr14:23048045-23048114,,,,,
ICR_849*^,chr14:24331724-24331907,,,,,
ICR_850^,chr14:24335544-24336183,,,,,
ICR_851*^,chr14:30690552-30690699,,,,,
ICR_852^,chr14:32484787-32484965,,,,,
ICR_853,chr14:33799786-33799948,ZFP57,,,,
ICR_854,chr14:35825391-35825732,ZFP57,,,,
ICR_855,chr14:53976837-53976954,,,,,
ICR_856^,chr14:54804852-54805123,,,,,
ICR_857^,chr14:59965739-59965861,,,,,
ICR_858,chr14:70360209-70360280,,,,,
ICR_859^,chr14:74265554-74265792,,,,,
ICR_860*^,chr14:75429703-75430673,,,,,
ICR_861,chr14:90525537-90525570,,,,,
ICR_862^,chr14:93036164-93036693,,,,,
ICR_863,chr14:95714543-95714740,,,,,
ICR_864,chr14:96392817-96392937,,,,,
ICR_865,chr14:96423656-96423802,,,,,
ICR_866^,chr14:96588928-96589205,,,,,
ICR_867^,chr14:98831018-98831612,,,,,
ICR_868^,chr14:98913707-98914385,,,,,
ICR_869^,chr14:100714137-100714444,,,,,
ICR_870,chr14:100810233-100810638,,,,,
ICR_871^,chr14:100810929-100811087,,ZFP445,,,
ICR_872^,chr14:100824152-100824410,,,,,
ICR_873*^#,chr14:100824556-100828242,ZFP57,ZFP57,ZFP445,,
ICR_874,chr14:103928394-103928494,ZFP57,ZFP445,,,
ICR_875*^,chr14:104171069-104171501,,,,,
ICR_876^,chr14:104461608-104461664,,,,,
ICR_877,chr14:104473963-104474087,,,,,
ICR_878^,chr14:105060530-105060974,,,,,
ICR_879,chr14:105628650-105629100,,,,,
ICR_880,chr14:106650086-106650799,,,,,
ICR_881,chr14:106797964-106799288,,,,,
ICR_882,chr15:19891502-19892733,,,,,
ICR_883,chr15:20148130-20148185,,,,,
ICR_884,chr15:20416866-20418250,,,,,
ICR_885^,chr15:21282115-21282897,,,,,
ICR_886,chr15:23561842-23563087,,,,,
ICR_887^#,chr15:23647239-23648622,,,,,
ICR_888#,chr15:23686523-23686574,,,,,
ICR_889,chr15:23758904-23759277,,,,,
ICR_890,chr15:23860773-23861094,,,,,
ICR_891,chr15:23897271-23897645,,,,,
ICR_892^,chr15:24877837-24878217,,,,,
ICR_893*^,chr15:24954592-24956828,,,,,
ICR_894,chr15:26670350-26670605,,,,,
ICR_895^,chr15:28993177-28993653,,,,,
ICR_896,chr15:31484287-31484332,ZFP57,,,,
ICR_897^,chr15:33256985-33257103,,,,,
ICR_898*^,chr15:40769605-40770075,,,,,
ICR_899^,chr15:47196694-47197259,,,,,
ICR_900^,chr15:52112006-52112086,ZFP57,,,,
ICR_901^,chr15:53830756-53831316,,,,,
ICR_902^,chr15:56007034-56007264,,,,,
ICR_903,chr15:65076997-65077172,ZFP57,,,,
ICR_904*,chr15:65077525-65077598,ZFP57,,,,
ICR_905^,chr15:65949315-65949942,,,,,
ICR_906*^,chr15:66763320-66763575,,,,,
ICR_907^,chr15:66877196-66878321,,,,,
ICR_908^,chr15:68930446-68930772,,ZFP445,,,
ICR_909^,chr15:70605464-70606129,,,,,
ICR_910,chr15:88241807-88242028,,,,,
ICR_911,chr15:88741939-88742055,,,,,
ICR_912^,chr15:95287058-95287471,,,,,
ICR_913^,chr15:98865375-98866277,,,,,
ICR_914^,chr15:99476322-99476786,,,,,
ICR_915,chr15:99806120-99806200,ZFP57,,,,
ICR_916,chr15:100544247-100544786,,,,,
ICR_917,chr16:159416-159850,,,,,
ICR_918,chr16:561123-561328,,,,,
ICR_919,chr16:801561-801834,,,,,
ICR_920,chr16:817208-818000,,,,,
ICR_921^,chr16:1043980-1044213,ZFP57,,,,
ICR_922^,chr16:2038931-2039033,ZFP57,ZFP57,,,
ICR_923*^,chr16:2798432-2798680,,,,,
ICR_924,chr16:3107245-3107593,,,,,
ICR_925,chr16:3254352-3254557,,,,,
ICR_926^,chr16:3431819-3432009,,,,,
ICR_927*^,chr16:3443280-3444094,,,,,
ICR_928,chr16:5490312-5490585,,,,,
ICR_929^,chr16:9154539-9154720,ZFP57,,,,
ICR_930*,chr16:14990248-14990306,ZFP57,ZFP57,,,
ICR_931^,chr16:17364420-17365021,,,,,
ICR_932,chr16:27306120-27306581,,,,,
ICR_933*^,chr16:27327462-27327798,,,,,
ICR_934,chr16:31224220-31224409,,,,,
ICR_935,chr16:31428164-31428239,,,,,
ICR_936*,chr16:32066244-32066336,,,,,
ICR_937,chr16:32084126-32084430,,,,,
ICR_938,chr16:32187478-32187763,ZFP57,,,,
ICR_939^,chr16:32188159-32188300,ZFP57,,,,
ICR_940^,chr16:32310484-32310555,,,,,
ICR_941,chr16:32523621-32525336,,,,,
ICR_942,chr16:32846754-32846827,,,,,
ICR_943,chr16:33026905-33027302,,,,,
ICR_944^,chr16:33516787-33516835,,,,,
ICR_945,chr16:33680828-33680944,,,,,
ICR_946,chr16:33808459-33808588,,,,,
ICR_947,chr16:34133988-34134110,,,,,
ICR_948^,chr16:34134512-34134657,,,,,
ICR_949^,chr16:34150896-34150953,,,,,
ICR_950^,chr16:34153970-34154041,,,,,
ICR_951,chr16:34158989-34159048,,,,,
ICR_952,chr16:34641102-34641465,,,,,
ICR_953,chr16:34803525-34803596,,,,,
ICR_954^,chr16:35208269-35208463,,,,,
ICR_955,chr16:35246812-35248137,,,,,
ICR_956*,chr16:35271909-35272955,,,,,
ICR_957,chr16:35397156-35398017,,,,,
ICR_958,chr16:35434223-35436923,,,,,
ICR_959*^,chr16:35492463-35492505,,,,,
ICR_960^,chr16:35631098-35632919,,,,,
ICR_961,chr16:35690947-35691217,,,,,
ICR_962*^,chr16:46757358-46757691,,,,,
ICR_963^,chr16:55760602-55760930,,,,,
ICR_964^,chr16:57889831-57890669,,,,,
ICR_965^,chr16:66845423-66846154,,,,,
ICR_966*^,chr16:67654637-67654865,,,,,
ICR_967,chr16:70450851-70451346,,,,,
ICR_968,chr16:70524741-70524805,,,,,
ICR_969,chr16:71383780-71384024,,,,,
ICR_970,chr16:73171236-73171514,,,,,
ICR_971^,chr16:79037697-79038236,,,,,
ICR_972*^,chr16:79328593-79329315,,,,,
ICR_973^,chr16:79838820-79839867,,,,,
ICR_974,chr16:85263027-85263356,,,,,
ICR_975*^,chr16:85480230-85480623,,,,,
ICR_976^,chr16:87517952-87518116,,,,,
ICR_977^,chr16:88186741-88186914,,,,,
ICR_978,chr16:88431177-88431330,,,,,
ICR_979^,chr17:335949-336142,,,,,
ICR_980,chr17:753058-753176,,,,,
ICR_981^,chr17:1492497-1492586,,,,,
ICR_982,chr17:1961067-1961305,,,,,
ICR_983*^,chr17:2122709-2123630,,,,,
ICR_984^,chr17:2691899-2691997,,,,,
ICR_985*^,chr17:3386154-3386259,,,,,
ICR_986*,chr17:4783019-4783185,,,,,
ICR_987,chr17:5771207-5771575,,,,,
ICR_988,chr17:8347360-8347494,,,,,
ICR_989,chr17:16683802-16683924,ZFP57,,,,
ICR_990,chr17:16856437-16856709,,,,,
ICR_991^,chr17:18625246-18625400,,,,,
ICR_992^,chr17:19980115-19980296,,,,,
ICR_993*^,chr17:20896157-20896553,,,,,
ICR_994*,chr17:21512149-21512223,,,,,
ICR_995,chr17:21573789-21574080,ZFP57,,,,
ICR_996,chr17:21656813-21657134,,,,,
ICR_997,chr17:21678811-21679073,,,,,
ICR_998,chr17:21681088-21681431,,,,,
ICR_999,chr17:21685888-21686090,,,,,
ICR_1000,chr17:21841948-21841991,,,,,
ICR_1001,chr17:21843634-21843712,,,,,
ICR_1002^,chr17:22266218-22266557,,,,,
ICR_1003,chr17:26733376-26735171,,,,,
ICR_1004,chr17:26788440-26788550,,,,,
ICR_1005^,chr17:28645702-28645796,,,,,
ICR_1006,chr17:34040220-34040257,,,,,
ICR_1007^,chr17:34571676-34571885,,,,,
ICR_1008^,chr17:35151123-35151341,,,,,
ICR_1009,chr17:39868449-39868635,,,,,
ICR_1010^,chr17:40014561-40014758,,,,,
ICR_1011^,chr17:43126133-43126286,ZFP57,,,,
ICR_1012^,chr17:43360035-43360515,,ZFP445,,,
ICR_1013,chr17:43677696-43677780,,,,,
ICR_1014,chr17:44326010-44326327,,,,,
ICR_1015,chr17:44384061-44384311,,,,,
ICR_1016,chr17:45120891-45120962,,,,,
ICR_1017^,chr17:45745363-45745724,,,,,
ICR_1018^,chr17:48049453-48049878,,,,,
ICR_1019^,chr17:50565110-50565144,,,,,
ICR_1020^,chr17:50639135-50639654,,,,,
ICR_1021,chr17:52884073-52884266,,,,,
ICR_1022,chr17:58083349-58083378,,,,,
ICR_1023*^,chr17:74919335-74919776,ZFP57,,,,
ICR_1024*^,chr17:76079666-76079946,,,,,
ICR_1025^,chr17:76542972-76543727,,,,,
ICR_1026^,chr17:77351321-77351534,,,,,
ICR_1027,chr17:79517963-79518428,,,,,
ICR_1028^,chr17:80191857-80192326,,,,,
ICR_1029,chr17:81499100-81499231,,,,,
ICR_1030*^,chr17:82777871-82777963,,,,,
ICR_1031*^,chr17:82860218-82860396,ZFP57,,,,
ICR_1032*^,chr17:83205454-83205543,ZFP57,,,,
ICR_1033^,chr18:112155-112491,,,,,
ICR_1034,chr18:3602323-3602519,,,,,
ICR_1035^,chr18:10299639-10299935,,,,,
ICR_1036^,chr18:13379767-13380531,,,,,
ICR_1037^,chr18:26568636-26569708,,,,,
ICR_1038,chr18:37258900-37259288,,,,,
ICR_1039,chr18:47526284-47526407,,,,,
ICR_1040,chr18:59969851-59969940,,,,,
ICR_1041,chr18:64002803-64002859,,,,,
ICR_1042^,chr18:76491397-76491450,,,,,
ICR_1043*^,chr18:76787372-76787964,,,,,
ICR_1044,chr18:78877346-78877514,,,,,
ICR_1045*^,chr18:79404293-79404545,,,,,
ICR_1046,chr18:79532208-79532443,ZFP57,,,,
ICR_1047^,chr18:79532583-79532746,ZFP57,,,,
ICR_1048^,chr18:79616752-79617334,,,,,
ICR_1049,chr18:79617513-79617608,,,,,
ICR_1050,chr18:79617770-79617815,,,,,
ICR_1051,chr18:79638645-79638833,,,,,
ICR_1052^,chr18:80147168-80147833,,,,,
ICR_1053^,chr18:80147992-80149033,,,,,
ICR_1054*^,chr19:386289-386791,,,,,
ICR_1055^,chr19:676877-677125,,,,,
ICR_1056,chr19:853408-853490,,,,,
ICR_1057^,chr19:1453910-1454194,,,,,
ICR_1058,chr19:1504102-1504336,,,,,
ICR_1059,chr19:1510721-1510814,,,,,
ICR_1060^,chr19:1542614-1542750,,,,,
ICR_1061,chr19:1691185-1691357,,,,,
ICR_1062,chr19:1779885-1780102,,,,,
ICR_1063,chr19:2041793-2041938,,,,,
ICR_1064^,chr19:2097444-2097551,,,,,
ICR_1065^,chr19:2271480-2271693,,,,,
ICR_1066*^,chr19:2639359-2639532,,,,,
ICR_1067*,chr19:2749064-2749211,,,,,
ICR_1068^,chr19:3006289-3006627,ZFP57,,,,
ICR_1069,chr19:3314581-3314748,,,,,
ICR_1070^,chr19:3366518-3366556,,,,,
ICR_1071^,chr19:3375239-3375520,,,,,
ICR_1072^,chr19:3403800-3403966,,,,,
ICR_1073,chr19:3789254-3789767,,,,,
ICR_1074,chr19:4194879-4195135,,,,,
ICR_1075*^,chr19:4414819-4415739,,,,,
ICR_1076*^,chr19:6018852-6019122,,,,,
ICR_1077,chr19:6461119-6461350,,,,,
ICR_1078^,chr19:6489483-6490032,,,,,
ICR_1079,chr19:6509209-6509630,,,,,
ICR_1080,chr19:6677833-6677968,,,,,
ICR_1081*^,chr19:7004363-7004710,,,,,
ICR_1082^,chr19:7646033-7646285,,,,,
ICR_1083,chr19:7863802-7864121,ZFP57,,,,
ICR_1084,chr19:7872627-7872688,,,,,
ICR_1085,chr19:9912721-9912951,,,,,
ICR_1086*^,chr19:9953808-9954321,,,,,
ICR_1087*,chr19:12873531-12873750,,ZFP445,,,
ICR_1088,chr19:13087918-13088184,,,,,
ICR_1089^,chr19:13298916-13299037,ZFP57,,,,
ICR_1090,chr19:13623856-13623948,,,,,
ICR_1091*^,chr19:14061704-14062308,,,,,
ICR_1092,chr19:15471897-15472161,,,,,
ICR_1093,chr19:15777135-15778369,,,,,
ICR_1094,chr19:15862822-15863176,,,,,
ICR_1095,chr19:15940417-15941089,,,,,
ICR_1096^,chr19:16895886-16895902,,,,,
ICR_1097*^,chr19:18439087-18439864,,,,,
ICR_1098,chr19:18777223-18778158,,ZFP445,,,
ICR_1099*,chr19:19120808-19121015,,,,,
ICR_1100^,chr19:19514692-19514749,ZFP57,,,,
ICR_1101*^,chr19:19997705-19997967,,,,,
ICR_1102,chr19:20237400-20237572,,,,,
ICR_1103^,chr19:21568786-21569830,,,,,
ICR_1104*,chr19:21678108-21678334,,,,,
ICR_1105,chr19:22517560-22518023,,,,,
ICR_1106^,chr19:29269046-29269583,,,,,
ICR_1107^,chr19:29662034-29662704,,,,,
ICR_1108^,chr19:30253854-30254259,,,,,
ICR_1109^,chr19:33298571-33298842,,,,,
ICR_1110^,chr19:35703212-35703486,,,,,
ICR_1111,chr19:37403622-37403742,,,,,
ICR_1112^,chr19:37468518-37468666,,,,,
ICR_1113*,chr19:39875820-39875935,,,,,
ICR_1114,chr19:39892075-39892180,,,,,
ICR_1115,chr19:39915214-39915303,,,,,
ICR_1116^,chr19:40489767-40490020,,,,,
ICR_1117^,chr19:41226761-41226873,,,,,
ICR_1118,chr19:41515217-41515351,,,,,
ICR_1119,chr19:41644120-41644151,,,,,
ICR_1120,chr19:43406341-43406626,,,,,
ICR_1121^,chr19:45450882-45450913,,,,,
ICR_1122,chr19:46270331-46270412,,,,,
ICR_1123,chr19:47601136-47601199,ZFP57,,,,
ICR_1124^,chr19:48195063-48195219,,,,,
ICR_1125,chr19:48895257-48895520,,ZFP445,,,
ICR_1126,chr19:49719462-49719568,,,,,
ICR_1127,chr19:49889832-49889898,ZFP57,,,,
ICR_1128^,chr19:50458698-50458780,,,,,
ICR_1129,chr19:50489534-50489611,,,,,
ICR_1130*^,chr19:50870491-50870617,,,,,
ICR_1131,chr19:50949976-50950140,,,,,
ICR_1132*^,chr19:51002710-51003017,,,,,
ICR_1133*^,chr19:51132331-51132649,ZFP57,,,,
ICR_1134^,chr19:51271035-51271265,,,,,
ICR_1135*^,chr19:53537445-53538957,,,,,
ICR_1136^,chr19:53553906-53554999,,,,,
ICR_1137,chr19:55366121-55366170,,,,,
ICR_1138,chr19:55444225-55444310,,,,,
ICR_1139^,chr19:55493632-55493692,,,,,
ICR_1140,chr19:55545891-55546024,,,,,
ICR_1141^,chr19:56478788-56479078,,,,,
ICR_1142*^#,chr19:56837320-56841439,ZFP57,ZFP57,,,
ICR_1143^,chr19:56942840-56943184,,,,,
ICR_1144,chr19:57708235-57708333,,,,,
ICR_1145*^,chr19:58329076-58329167,,,,,
ICR_1146,chr19:58357064-58357218,ZFP57,,,,
ICR_1147,chr19:58367655-58367750,ZFP57,,,,
ICR_1148,chr19:58367876-58368275,ZFP57,,,,
ICR_1149^,chr20:890832-892113,,,,,
ICR_1150^,chr20:1874501-1874963,,,,,
ICR_1151,chr20:2754762-2755675,,,,,
ICR_1152,chr20:4248057-4248319,,,,,
ICR_1153^,chr20:8133537-8134006,,,,,
ICR_1154^,chr20:18504463-18504631,ZFP57,,,,
ICR_1155^,chr20:23164173-23164463,,,,,
ICR_1156*^,chr20:25751203-25751633,,,,,
ICR_1157^,chr20:26009576-26009828,,,,,
ICR_1158,chr20:28611219-28614382,,,,,
ICR_1159,chr20:29299480-29299787,,,,,
ICR_1160,chr20:29319042-29319248,,,,,
ICR_1161,chr20:29325493-29325868,,,,,
ICR_1162,chr20:29408910-29409184,,,,,
ICR_1163,chr20:29410544-29410646,,,,,
ICR_1164,chr20:29410776-29410829,,,,,
ICR_1165,chr20:29411151-29411665,,,,,
ICR_1166,chr20:29455174-29456097,,,,,
ICR_1167,chr20:29477464-29478281,,,,,
ICR_1168,chr20:29497576-29497608,,,,,
ICR_1169,chr20:29729579-29732420,,,,,
ICR_1170,chr20:29742731-29742778,,,,,
ICR_1171,chr20:29743810-29743884,,,,,
ICR_1172,chr20:29764040-29764101,,,,,
ICR_1173,chr20:29764588-29764756,,,,,
ICR_1174,chr20:29868336-29870377,,,,,
ICR_1175,chr20:29874049-29874267,,,,,
ICR_1176,chr20:29877880-29878128,,,,,
ICR_1177,chr20:29878870-29878965,,,,,
ICR_1178,chr20:30168342-30168399,,,,,
ICR_1179,chr20:30283622-30283834,,,,,
ICR_1180,chr20:30284340-30284720,,,,,
ICR_1181^,chr20:30288471-30289510,,,,,
ICR_1182,chr20:30488015-30488659,,,,,
ICR_1183,chr20:30489488-30489608,,,,,
ICR_1184,chr20:30593789-30593857,,,,,
ICR_1185,chr20:30639491-30641610,,,,,
ICR_1186,chr20:30871233-30872165,,,,,
ICR_1187,chr20:30892127-30892735,,,,,
ICR_1188,chr20:30908350-30908516,,,,,
ICR_1189,chr20:30922381-30922438,,,,,
ICR_1190^,chr20:31496438-31497008,,,,,
ICR_1191*^,chr20:31547027-31548129,,,,,
ICR_1192^#,chr20:37520202-37521842,ZFP57,ZFP57,ZFP445,ZFP445,
ICR_1193^#,chr20:37522341-37522993,ZFP57,ZFP57,ZFP445,,
ICR_1194*^#,chr20:43513725-43515256,,,,,
ICR_1195,chr20:44115828-44115890,ZFP57,,,,
ICR_1196*^,chr20:44750133-44750578,ZFP57,,,,
ICR_1197^,chr20:45312226-45312454,,,,,
ICR_1198^,chr20:45971224-45971284,,,,,
ICR_1199,chr20:46009742-46009970,ZFP57,,,,
ICR_1200,chr20:46153336-46153644,,,,,
ICR_1201,chr20:46210329-46210446,,,,,
ICR_1202^,chr20:46541615-46541812,,,,,
ICR_1203^,chr20:57350801-57350963,,,,,
ICR_1204^,chr20:58467428-58467570,,,,,
ICR_1205*^#,chr20:58839107-58842875,,ZFP445,,,
ICR_1206*^#,chr20:58850158-58852357,ZFP57,ZFP57,ZFP445,,
ICR_1207*^,chr20:58853850-58856828,ZFP57,ZFP57,ZFP57,ZFP445,ZFP445
ICR_1208^,chr20:58888275-58890270,ZFP57,,,,
ICR_1209*^,chr20:59220788-59221858,,,,,
ICR_1210^,chr20:62064979-62065036,,,,,
ICR_1211,chr20:62581580-62581898,,,,,
ICR_1212*^,chr20:62875532-62875657,,,,,
ICR_1213,chr20:63003240-63003541,,,,,
ICR_1214,chr20:63114505-63114687,,,,,
ICR_1215,chr20:63262397-63262526,,,,,
ICR_1216,chr20:63474459-63475096,,,,,
ICR_1217*,chr20:63482662-63482947,,,,,
ICR_1218,chr20:63738421-63738536,,,,,
ICR_1219*^,chr20:63909737-63909918,,ZFP445,,,
ICR_1220,chr21:5223187-5224121,,,,,
ICR_1221,chr21:5240706-5242547,,,,,
ICR_1222,chr21:7943768-7943974,,,,,
ICR_1223,chr21:8205580-8205618,,,,,
ICR_1224,chr21:8205885-8206106,,,,,
ICR_1225,chr21:8206343-8206514,,,,,
ICR_1226,chr21:8207053-8207144,,,,,
ICR_1227,chr21:8207995-8208028,,,,,
ICR_1228,chr21:8209431-8209533,,,,,
ICR_1229,chr21:8210080-8210254,,,,,
ICR_1230,chr21:8210530-8210733,,,,,
ICR_1231,chr21:8211004-8211157,,,,,
ICR_1232,chr21:8211424-8211524,,,,,
ICR_1233,chr21:8211781-8211805,,,,,
ICR_1234,chr21:8212080-8212139,,,,,
ICR_1235,chr21:8213080-8213132,,,,,
ICR_1236,chr21:8214822-8214873,,,,,
ICR_1237,chr21:8215614-8215723,,,,,
ICR_1238,chr21:8216148-8216317,,,,,
ICR_1239,chr21:8216729-8216785,,,,,
ICR_1240,chr21:8217611-8217759,,,,,
ICR_1241,chr21:8220792-8221021,,,,,
ICR_1242,chr21:8226175-8226554,,,,,
ICR_1243,chr21:8236929-8237069,,,,,
ICR_1244,chr21:8249017-8249144,,,,,
ICR_1245,chr21:8249869-8249897,,,,,
ICR_1246,chr21:8250138-8250293,,,,,
ICR_1247,chr21:8250538-8250718,,,,,
ICR_1248,chr21:8251123-8251349,,,,,
ICR_1249,chr21:8254357-8254812,,,,,
ICR_1250,chr21:8254977-8255149,,,,,
ICR_1251,chr21:8255967-8256008,,,,,
ICR_1252,chr21:8256623-8256667,,,,,
ICR_1253,chr21:8259051-8259198,,,,,
ICR_1254,chr21:8259990-8260098,,,,,
ICR_1255,chr21:8260342-8260639,,,,,
ICR_1256,chr21:8388627-8388658,,,,,
ICR_1257,chr21:8389622-8389676,,,,,
ICR_1258,chr21:8393074-8393383,,,,,
ICR_1259,chr21:8393565-8393774,,,,,
ICR_1260,chr21:8394039-8394188,,,,,
ICR_1261,chr21:8394459-8394550,,,,,
ICR_1262,chr21:8394810-8394840,,,,,
ICR_1263,chr21:8394978-8395322,,,,,
ICR_1264,chr21:8397411-8397431,,,,,
ICR_1265,chr21:8398648-8398748,,,,,
ICR_1266,chr21:8399142-8399444,,,,,
ICR_1267,chr21:8400649-8400889,,,,,
ICR_1268,chr21:8402302-8402340,,,,,
ICR_1269,chr21:8409174-8409553,,,,,
ICR_1270,chr21:8419436-8419753,,,,,
ICR_1271,chr21:8432767-8432863,,,,,
ICR_1272,chr21:8433163-8433213,,,,,
ICR_1273,chr21:8434286-8434377,,,,,
ICR_1274,chr21:8436170-8436219,,,,,
ICR_1275,chr21:8437284-8437586,,,,,
ICR_1276,chr21:8437775-8437869,,,,,
ICR_1277,chr21:8438249-8438398,,,,,
ICR_1278,chr21:8439464-8439537,,,,,
ICR_1279,chr21:8439665-8439709,,,,,
ICR_1280,chr21:8442841-8443116,,,,,
ICR_1281,chr21:8443377-8443679,,,,,
ICR_1282,chr21:8444891-8445121,,,,,
ICR_1283,chr21:8445357-8445469,,,,,
ICR_1284,chr21:8453321-8453640,,,,,
ICR_1285,chr21:8876858-8878492,,,,,
ICR_1286^,chr21:8986610-8986681,,,,,
ICR_1287^,chr21:8987462-8987511,,,,,
ICR_1288^,chr21:8987626-8987650,,,,,
ICR_1289^,chr21:8987972-8988075,,,,,
ICR_1290,chr21:9068512-9068795,,,,,
ICR_1291,chr21:9138607-9139589,,,,,
ICR_1292,chr21:9145063-9146557,,,,,
ICR_1293*,chr21:9191798-9193112,,,,,
ICR_1294,chr21:9252971-9254122,,,,,
ICR_1295,chr21:9257941-9259184,,,,,
ICR_1296,chr21:9265816-9266689,,,,,
ICR_1297,chr21:9311544-9313693,,,,,
ICR_1298*^,chr21:9324916-9325065,,,,,
ICR_1299,chr21:9750301-9750555,,,,,
ICR_1300,chr21:9933593-9935167,,,,,
ICR_1301^,chr21:10014815-10014908,,,,,
ICR_1302,chr21:10119513-10119529,,,,,
ICR_1303,chr21:10121978-10122227,,,,,
ICR_1304,chr21:10130148-10131679,,,,,
ICR_1305,chr21:10328926-10329886,,,,,
ICR_1306*^,chr21:10342377-10342421,,,,,
ICR_1307*^,chr21:10468190-10469266,,,,,
ICR_1308,chr21:10651725-10651919,,,,,
ICR_1309,chr21:10667761-10668157,,,,,
ICR_1310,chr21:10676655-10677098,,,,,
ICR_1311,chr21:10736093-10736681,,,,,
ICR_1312,chr21:10740063-10740387,,,,,
ICR_1313,chr21:10802832-10804215,,,,,
ICR_1314*^,chr21:29077180-29077327,,,,,
ICR_1315*^,chr21:29155405-29155931,,,,,
ICR_1316,chr21:33034116-33034763,,,,,
ICR_1317^,chr21:36994558-36994589,,,,,
ICR_1318,chr21:37007362-37007511,,,,,
ICR_1319^,chr21:37590794-37591276,,,,,
ICR_1320^,chr21:39385584-39386256,,,,,
ICR_1321*^,chr21:42063975-42064308,,,,,
ICR_1322^,chr21:42659906-42660063,,,,,
ICR_1323^,chr21:43574703-43575138,,,,,
ICR_1324,chr21:44391463-44391494,,,,,
ICR_1325,chr21:44818820-44818854,ZFP57,,,,
ICR_1326^,chr21:44982807-44983007,ZFP57,,,,
ICR_1327^,chr21:45359946-45360583,,,,,
ICR_1328,chr21:45413377-45413676,,,,,
ICR_1329,chr21:45555294-45555347,,,,,
ICR_1330,chr22:10571860-10571914,,,,,
ICR_1331,chr22:10572628-10572683,,,,,
ICR_1332,chr22:10929116-10929608,,,,,
ICR_1333,chr22:10961728-10961761,,,,,
ICR_1334,chr22:11039672-11040300,,,,,
ICR_1335,chr22:11252497-11252647,,,,,
ICR_1336,chr22:11295024-11295784,,,,,
ICR_1337,chr22:11353621-11355111,,,,,
ICR_1338,chr22:11449354-11449684,,,,,
ICR_1339,chr22:11465275-11466829,,,,,
ICR_1340,chr22:11827467-11828142,,,,,
ICR_1341,chr22:11915066-11917239,,,,,
ICR_1342,chr22:12036770-12038659,,,,,
ICR_1343,chr22:12078178-12078767,,,,,
ICR_1344,chr22:12097908-12098015,,,,,
ICR_1345,chr22:12172503-12172718,,,,,
ICR_1346,chr22:12176173-12176388,,,,,
ICR_1347,chr22:12600959-12601368,,,,,
ICR_1348,chr22:12601693-12601904,,,,,
ICR_1349,chr22:12693850-12693914,,,,,
ICR_1350,chr22:12873488-12874567,,,,,
ICR_1351,chr22:15553939-15554047,,,,,
ICR_1352,chr22:15880965-15881299,,,,,
ICR_1353,chr22:18025220-18025583,ZFP57,,,,
ICR_1354,chr22:18569467-18569592,,,,,
ICR_1355*^,chr22:18967907-18968273,ZFP57,,,,
ICR_1356^,chr22:19749148-19749533,,,,,
ICR_1357,chr22:19768265-19768546,ZFP57,ZFP57,,,
ICR_1358,chr22:20670772-20670970,ZFP57,,,,
ICR_1359,chr22:21865747-21866184,,,,,
ICR_1360,chr22:22114750-22114842,,,,,
ICR_1361,chr22:24211145-24211554,,,,,
ICR_1362^,chr22:24494131-24494362,ZFP57,,,,
ICR_1363,chr22:26910559-26910822,,,,,
ICR_1364^,chr22:27780254-27780522,,,,,
ICR_1365^,chr22:29208841-29209158,,,,,
ICR_1366,chr22:31104622-31104758,ZFP57,ZFP445,,,
ICR_1367*^,chr22:32041878-32043341,,,,,
ICR_1368*,chr22:32203909-32204959,,,,,
ICR_1369,chr22:36564370-36564591,,,,,
ICR_1370,chr22:38828287-38828585,,,,,
ICR_1371,chr22:39557889-39557920,ZFP57,,,,
ICR_1372,chr22:39664168-39664319,,,,,
ICR_1373,chr22:39713307-39713466,,,,,
ICR_1374^,chr22:40040395-40041632,,,,,
ICR_1375^,chr22:41681861-41682938,ZFP57,ZFP445,,,
ICR_1376*^,chr22:42397045-42397355,,,,,
ICR_1377*^,chr22:42532792-42533280,,,,,
ICR_1378,chr22:42547749-42547909,,,,,
ICR_1379^,chr22:43289378-43290003,,,,,
ICR_1380^,chr22:45023162-45023506,,,,,
ICR_1381,chr22:45078010-45078290,,,,,
ICR_1382^,chr22:45162879-45162974,,,,,
ICR_1383,chr22:45428041-45428475,,,,,
ICR_1384,chr22:45877926-45878087,,,,,
ICR_1385*,chr22:48238911-48239473,,,,,
ICR_1386,chr22:48576053-48576066,ZFP57,ZFP57,,,
ICR_1387^,chr22:49935324-49935357,,,,,
ICR_1388^,chr22:50314617-50314942,,,,,
ICR_1389^,chr22:50482322-50482580,,,,,
ICR_1390^,chr22:50506929-50506995,,,,,
ICR_1391,chrX:330527-330751,ZFP57,ZFP445,,,
ICR_1392,chrX:494090-494437,,,,,
ICR_1393,chrX:1208138-1208515,,,,,
ICR_1394,chrX:2325208-2325958,,,,,
ICR_1395^,chrX:2962476-2962843,,,,,
ICR_1396*^,chrX:8783289-8783566,,,,,
ICR_1397^,chrX:9857996-9858420,,,,,
ICR_1398,chrX:11138801-11139297,,,,,
ICR_1399*^,chrX:14244065-14244239,,,,,
ICR_1400*,chrX:17655055-17655175,,,,,
ICR_1401,chrX:17786942-17787094,,,,,
ICR_1402,chrX:18104618-18104736,,,,,
ICR_1403,chrX:19514065-19514434,ZFP57,,,,
ICR_1404^,chrX:20117090-20117193,,,,,
ICR_1405,chrX:21657683-21658001,,,,,
ICR_1406,chrX:29919459-29920091,,,,,
ICR_1407^,chrX:36575019-36576600,,,,,
ICR_1408*,chrX:38474430-38475389,,,,,
ICR_1409*^,chrX:39813662-39814142,,,,,
ICR_1410,chrX:39822216-39822775,,,,,
ICR_1411^,chrX:40157065-40157832,,,,,
ICR_1412,chrX:40205491-40205660,,,,,
ICR_1413^,chrX:40243438-40244131,,,,,
ICR_1414,chrX:41088076-41088234,,,,,
ICR_1415,chrX:42778156-42778387,,,,,
ICR_1416^,chrX:45806771-45807324,,,,,
ICR_1417*^,chrX:47637837-47638168,,,,,
ICR_1418^,chrX:48827533-48827653,,,,,
ICR_1419^,chrX:49072475-49072555,ZFP57,,,,
ICR_1420,chrX:49157267-49157391,,,,,
ICR_1421*^,chrX:49167171-49167897,,,,,
ICR_1422,chrX:49233991-49234143,,,,,
ICR_1423,chrX:52222518-52222852,,,,,
ICR_1424,chrX:53000159-53000569,ZFP57,,,,
ICR_1425*^,chrX:56763914-56764237,,,,,
ICR_1426^,chrX:57909419-57909586,,,,,
ICR_1427,chrX:62517163-62517282,,,,,
ICR_1428^,chrX:62716477-62717078,,,,,
ICR_1429,chrX:64870664-64873851,,,,,
ICR_1430,chrX:65971193-65971333,,,,,
ICR_1431*^,chrX:68685508-68686065,,,,,
ICR_1432,chrX:68736614-68736736,,,,,
ICR_1433^,chrX:69496102-69497671,,,,,
ICR_1434^,chrX:70128674-70129529,,,,,
ICR_1435,chrX:71499987-71500571,,,,,
ICR_1436,chrX:71906120-71906682,,,,,
ICR_1437^,chrX:72713721-72713883,,,,,
ICR_1438*^,chrX:73127734-73128301,,,,,
ICR_1439^,chrX:76147216-76148561,,,,,
ICR_1440,chrX:92105042-92105444,,,,,
ICR_1441^,chrX:99939597-99940400,,,,,
ICR_1442,chrX:102140975-102141536,,,,,
ICR_1443,chrX:102472007-102472147,,,,,
ICR_1444^,chrX:102547184-102547508,ZFP57,,,,
ICR_1445,chrX:103221230-103221495,,,,,
ICR_1446,chrX:104910027-104910754,,,,,
ICR_1447^,chrX:105458750-105459285,,,,,
ICR_1448,chrX:107155820-107156087,,,,,
ICR_1449*,chrX:107936250-107936476,,,,,
ICR_1450^,chrX:109054130-109054591,,,,,
ICR_1451*^,chrX:115892906-115893572,,,,,
ICR_1452^,chrX:116667123-116668428,,,,,
ICR_1453^,chrX:116815756-116816445,,,,,
ICR_1454,chrX:116817144-116817762,,,,,
ICR_1455,chrX:119150778-119151386,,,,,
ICR_1456^,chrX:119759860-119760046,,,,,
ICR_1457,chrX:119993224-119994216,,,,,
ICR_1458*^,chrX:121333162-121334618,,,,,
ICR_1459,chrX:128606464-128606562,,,,,
ICR_1460^,chrX:129337411-129338017,,,,,
ICR_1461^,chrX:129677271-129678103,ZFP57,,,,
ICR_1462^,chrX:129844135-129844659,,,,,
ICR_1463^,chrX:129934362-129934736,,,,,
ICR_1464,chrX:129960826-129961094,,,,,
ICR_1465^,chrX:130958952-130959301,,,,,
ICR_1466,chrX:131278536-131279287,,,,,
ICR_1467*^,chrX:131746197-131747385,,,,,
ICR_1468^,chrX:133437318-133438444,,,,,
ICR_1469,chrX:135422588-135423581,,,,,
ICR_1470*^,chrX:135596590-135596689,,,,,
ICR_1471^,chrX:148741454-148742005,,,,,
ICR_1472,chrX:149471290-149471680,,,,,
ICR_1473^,chrX:153495535-153495619,,,,,
ICR_1474,chrX:153640989-153641378,,,,,
ICR_1475*^,chrX:153644271-153644307,,,,,
ICR_1476^,chrX:153780931-153781167,ZFP57,ZFP57,,,
ICR_1477^,chrX:153949240-153949660,,,,,
ICR_1478^,chrX:153985596-153985803,,,,,
ICR_1479^,chrX:153999530-153999979,,,,,
ICR_1480^,chrX:154019040-154019364,,,,,
ICR_1481^,chrX:154094048-154094698,,,,,
ICR_1482^,chrX:154396788-154397224,ZFP57,,,,
ICR_1483*^,chrX:154399041-154399615,ZFP57,,,,
ICR_1484^,chrX:154408925-154409317,,,,,
ICR_1485^,chrX:154548296-154548666,ZFP57,,,,
ICR_1486^,chrX:154805812-154806063,,,,,
ICR_1487^,chrX:155070793-155070856,,,,,
ICR_1488^,chrX:155641255-155641777,,,,,
