ICR_id,# Designs Passing,#LowScore Designs,Failed Designs,Total Submitted
ICR_1,6,0,14,20
ICR_2,21,7,8,36
ICR_3,14,3,3,20
ICR_4,26,5,1,32
ICR_5,0,7,0,7
ICR_6,5,0,0,5
ICR_7,2,5,0,7
ICR_8,7,12,0,19
ICR_9,11,1,0,12
ICR_10,7,1,0,8
ICR_11,4,0,0,4
ICR_12,0,0,5,5
ICR_13,16,4,0,20
ICR_14,9,0,0,9
ICR_15,6,6,0,12
ICR_16,13,3,0,16
ICR_17,5,4,1,10
ICR_18,15,0,0,15
ICR_19,0,11,0,11
ICR_20,9,0,0,9
ICR_21,8,1,0,9
ICR_22,7,1,0,8
ICR_23,11,1,0,12
ICR_24,6,0,0,6
ICR_25,7,4,0,11
ICR_26,6,0,0,6
ICR_27,0,5,0,5
ICR_28,7,3,0,10
ICR_29,15,1,0,16
ICR_30,6,2,0,8
ICR_31,7,0,0,7
ICR_32,16,3,0,19
ICR_33,9,1,0,10
ICR_34,2,3,0,5
ICR_35,8,2,0,10
ICR_36,11,3,0,14
ICR_37,8,6,0,14
ICR_38,0,7,0,7
ICR_39,6,0,0,6
ICR_40,21,2,0,23
ICR_41,8,3,0,11
ICR_42,6,4,0,10
ICR_43,7,0,0,7
ICR_44,21,1,0,22
ICR_45,1,19,0,20
ICR_46,34,1,0,35
ICR_47,45,6,0,51
ICR_48,17,13,0,30
ICR_49,9,0,0,9
ICR_50,6,0,2,8
ICR_51,7,0,0,7
ICR_52,11,0,0,11
ICR_53,4,0,4,8
ICR_54,11,7,0,18
ICR_55,14,1,0,15
ICR_56,2,10,0,12
ICR_57,7,10,0,17
ICR_58,5,0,1,6
ICR_59,1,3,10,14
ICR_60,0,0,11,11
ICR_61,0,0,6,6
ICR_62,13,4,0,17
ICR_63,6,10,0,16
ICR_64,3,34,0,37
ICR_65,6,2,0,8
ICR_66,17,13,0,30
ICR_67,1,0,8,9
ICR_68,0,0,18,18
ICR_69,2,2,15,19
ICR_70,4,1,1,6
ICR_71,4,0,0,4
ICR_72,0,7,0,7
ICR_73,2,12,10,24
ICR_74,12,0,0,12
ICR_75,6,0,0,6
ICR_76,8,0,0,8
ICR_77,7,2,0,9
ICR_78,8,6,0,14
ICR_79,4,7,0,11
ICR_80,11,1,0,12
ICR_81,13,0,0,13
ICR_82,6,0,0,6
ICR_83,4,12,0,16
ICR_84,8,8,0,16
ICR_85,8,0,0,8
ICR_86,11,2,0,13
ICR_87,0,0,8,8
ICR_88,0,0,6,6
ICR_89,1,4,0,5
ICR_90,0,7,2,9
ICR_91,0,0,17,17
ICR_92,2,9,19,30
ICR_93,5,28,14,47
ICR_94,2,0,13,15
ICR_95,1,0,9,10
ICR_96,11,2,0,13
ICR_97,4,1,0,5
ICR_98,12,2,0,14
ICR_99,15,9,0,24
ICR_100,7,0,0,7
ICR_101,5,0,0,5
ICR_102,28,5,0,33
ICR_103,8,19,0,27
ICR_104,10,0,0,10
ICR_105,0,7,3,10
ICR_106,9,0,0,9
ICR_107,3,11,0,14
ICR_108,2,8,0,10
ICR_109,16,9,0,25
ICR_110,4,5,0,9
ICR_111,4,25,12,41
ICR_112,8,7,0,15
ICR_113,4,3,0,7
ICR_114,6,9,0,15
ICR_115,6,3,0,9
ICR_116,6,0,0,6
ICR_117,8,7,0,15
ICR_118,10,0,0,10
ICR_119,28,23,0,51
ICR_120,11,0,0,11
ICR_121,10,0,0,10
ICR_122,15,3,0,18
ICR_123,10,0,0,10
ICR_124,6,0,0,6
ICR_125,18,5,0,23
ICR_126,17,0,0,17
ICR_127,15,42,22,79
ICR_128,5,0,0,5
ICR_129,5,0,4,9
ICR_130,7,0,0,7
ICR_131,9,0,3,12
ICR_132,2,8,0,10
ICR_133,8,1,0,9
ICR_134,5,10,0,15
ICR_135,0,17,0,17
ICR_136,8,0,0,8
ICR_137,14,7,0,21
ICR_138,8,4,0,12
ICR_139,13,0,0,13
ICR_140,0,14,0,14
ICR_141,6,7,0,13
ICR_142,12,1,0,13
ICR_143,4,2,0,6
ICR_144,11,1,0,12
ICR_145,3,1,0,4
ICR_146,15,8,0,23
ICR_147,7,4,0,11
ICR_148,9,2,0,11
ICR_149,19,3,0,22
ICR_150,4,4,0,8
ICR_151,13,8,0,21
ICR_152,16,11,0,27
ICR_153,9,3,0,12
ICR_154,3,3,0,6
ICR_155,6,0,0,6
ICR_156,5,0,0,5
ICR_157,17,5,0,22
ICR_158,3,11,11,25
ICR_159,10,0,0,10
ICR_160,5,5,0,10
ICR_161,4,3,0,7
ICR_162,4,0,0,4
ICR_163,13,0,0,13
ICR_164,17,0,0,17
ICR_165,47,32,9,88
ICR_166,27,0,6,33
ICR_167,11,0,0,11
ICR_168,6,4,0,10
ICR_169,17,8,0,25
ICR_170,7,0,0,7
ICR_171,21,6,0,27
ICR_172,12,2,0,14
ICR_173,7,5,0,12
ICR_174,8,8,1,17
ICR_175,3,4,0,7
ICR_176,8,4,0,12
ICR_177,11,0,0,11
ICR_178,12,0,0,12
ICR_179,4,2,0,6
ICR_180,13,5,0,18
ICR_181,11,9,0,20
ICR_182,10,0,0,10
ICR_183,8,0,0,8
ICR_184,11,0,0,11
ICR_185,9,3,0,12
ICR_186,15,5,0,20
ICR_187,35,8,0,43
ICR_188,17,1,0,18
ICR_189,6,1,0,7
ICR_190,2,8,0,10
ICR_191,7,0,0,7
ICR_192,8,3,0,11
ICR_193,3,6,0,9
ICR_194,4,0,0,4
ICR_195,6,0,0,6
ICR_196,8,0,1,9
ICR_197,5,0,0,5
ICR_198,14,12,0,26
ICR_199,6,0,0,6
ICR_200,14,0,0,14
ICR_201,23,0,0,23
ICR_202,4,0,0,4
ICR_203,9,1,0,10
ICR_204,5,6,0,11
ICR_205,1,4,0,5
ICR_206,4,4,0,8
ICR_207,5,1,0,6
ICR_208,11,0,0,11
ICR_209,10,7,0,17
ICR_210,41,26,2,69
ICR_211,10,22,0,32
ICR_212,8,9,0,17
ICR_213,3,4,0,7
ICR_214,6,0,0,6
ICR_215,7,0,0,7
ICR_216,3,5,3,11
ICR_217,2,8,8,18
ICR_218,18,13,0,31
ICR_219,4,0,0,4
ICR_220,13,0,0,13
ICR_221,14,0,0,14
ICR_222,8,6,0,14
ICR_223,5,2,0,7
ICR_224,1,15,0,16
ICR_225,0,7,0,7
ICR_226,11,4,0,15
ICR_227,7,0,0,7
ICR_228,3,4,0,7
ICR_229,12,0,0,12
ICR_230,13,2,0,15
ICR_231,23,0,0,23
ICR_232,14,2,3,19
ICR_233,5,0,0,5
ICR_234,5,1,0,6
ICR_235,11,1,0,12
ICR_236,3,25,0,28
ICR_237,0,4,14,18
ICR_238,12,4,0,16
ICR_239,12,0,0,12
ICR_240,8,2,0,10
ICR_241,7,0,0,7
ICR_242,3,3,0,6
ICR_243,7,2,0,9
ICR_244,11,3,0,14
ICR_245,5,0,0,5
ICR_246,12,3,0,15
ICR_247,4,8,0,12
ICR_248,4,0,0,4
ICR_249,7,1,0,8
ICR_250,16,22,0,38
ICR_251,5,5,0,10
ICR_252,7,3,0,10
ICR_253,6,1,0,7
ICR_254,8,0,0,8
ICR_255,3,5,0,8
ICR_256,11,0,0,11
ICR_257,0,0,8,8
ICR_258,5,0,2,7
ICR_259,6,1,1,8
ICR_260,3,3,1,7
ICR_261,7,0,1,8
ICR_262,5,1,9,15
ICR_263,0,0,8,8
ICR_264,3,0,1,4
ICR_265,3,1,6,10
ICR_266,11,1,0,12
ICR_267,6,34,0,40
ICR_268,6,1,0,7
ICR_269,9,9,0,18
ICR_270,12,12,0,24
ICR_271,9,0,0,9
ICR_272,15,6,0,21
ICR_273,16,0,0,16
ICR_274,11,6,0,17
ICR_275,34,16,0,50
ICR_276,31,0,3,34
ICR_277,11,0,0,11
ICR_278,24,2,0,26
ICR_279,4,2,0,6
ICR_280,13,1,10,24
ICR_281,8,0,0,8
ICR_282,18,10,0,28
ICR_283,6,1,0,7
ICR_284,7,1,0,8
ICR_285,8,0,0,8
ICR_286,6,0,0,6
ICR_287,10,0,0,10
ICR_288,4,1,0,5
ICR_289,12,2,0,14
ICR_290,0,15,10,25
ICR_291,6,8,0,14
ICR_292,3,4,9,16
ICR_293,0,0,11,11
ICR_294,0,0,14,14
ICR_295,0,0,12,12
ICR_296,0,0,11,11
ICR_297,10,0,0,10
ICR_298,21,0,0,21
ICR_299,4,9,1,14
ICR_300,10,1,0,11
ICR_301,7,5,0,12
ICR_302,7,0,0,7
ICR_303,18,5,0,23
ICR_304,11,1,0,12
ICR_305,9,1,0,10
ICR_306,22,8,0,30
ICR_307,3,4,0,7
ICR_308,32,30,0,62
ICR_309,3,2,0,5
ICR_310,9,4,0,13
ICR_311,4,1,0,5
ICR_312,5,0,0,5
ICR_313,8,0,0,8
ICR_314,12,0,0,12
ICR_315,2,4,0,6
ICR_316,7,0,0,7
ICR_317,8,3,1,12
ICR_318,4,2,0,6
ICR_319,5,0,0,5
ICR_320,6,0,0,6
ICR_321,5,1,0,6
ICR_322,2,11,0,13
ICR_323,15,0,0,15
ICR_324,8,9,0,17
ICR_325,4,0,0,4
ICR_326,13,4,0,17
ICR_327,46,8,0,54
ICR_328,4,4,0,8
ICR_329,6,1,0,7
ICR_330,6,0,0,6
ICR_331,7,5,0,12
ICR_332,16,10,0,26
ICR_333,6,3,0,9
ICR_334,1,6,0,7
ICR_335,6,2,0,8
ICR_336,4,6,0,10
ICR_337,6,3,0,9
ICR_338,13,3,0,16
ICR_339,10,0,0,10
ICR_340,3,3,0,6
ICR_341,6,0,0,6
ICR_342,6,2,0,8
ICR_343,5,0,0,5
ICR_344,3,2,0,5
ICR_345,9,0,0,9
ICR_346,4,5,0,9
ICR_347,8,3,0,11
ICR_348,10,3,0,13
ICR_349,5,6,0,11
ICR_350,3,6,0,9
ICR_351,12,1,0,13
ICR_352,8,0,0,8
ICR_353,9,0,0,9
ICR_354,13,25,0,38
ICR_355,5,0,0,5
ICR_356,15,1,1,17
ICR_357,8,0,0,8
ICR_358,7,0,0,7
ICR_359,7,1,0,8
ICR_360,10,3,0,13
ICR_361,21,10,0,31
ICR_362,12,0,0,12
ICR_363,2,7,0,9
ICR_364,8,5,0,13
ICR_365,7,2,0,9
ICR_366,91,21,0,112
ICR_367,9,0,0,9
ICR_368,12,5,0,17
ICR_369,7,5,0,12
ICR_370,3,6,0,9
ICR_371,4,9,0,13
ICR_372,9,6,0,15
ICR_373,7,3,0,10
ICR_374,17,18,0,35
ICR_375,0,7,0,7
ICR_376,11,1,2,14
ICR_377,8,0,0,8
ICR_378,22,0,0,22
ICR_379,13,0,0,13
ICR_380,2,6,0,8
ICR_381,8,4,0,12
ICR_382,9,16,0,25
ICR_383,6,6,0,12
ICR_384,8,0,0,8
ICR_385,11,0,0,11
ICR_386,10,1,0,11
ICR_387,13,2,0,15
ICR_388,0,8,0,8
ICR_389,14,1,0,15
ICR_390,4,0,0,4
ICR_391,4,0,0,4
ICR_392,17,2,0,19
ICR_393,9,0,0,9
ICR_394,6,1,0,7
ICR_395,11,5,0,16
ICR_396,5,5,0,10
ICR_397,13,1,0,14
ICR_398,7,1,1,9
ICR_399,12,1,0,13
ICR_400,9,0,0,9
ICR_401,15,0,0,15
ICR_402,8,0,0,8
ICR_403,18,1,0,19
ICR_404,70,75,0,145
ICR_405,7,8,0,15
ICR_406,16,4,0,20
ICR_407,10,1,0,11
ICR_408,10,4,0,14
ICR_409,7,14,0,21
ICR_410,23,6,0,29
ICR_411,8,1,0,9
ICR_412,11,0,0,11
ICR_413,5,2,7,14
ICR_414,11,0,0,11
ICR_415,8,0,0,8
ICR_416,7,0,0,7
ICR_417,16,3,0,19
ICR_418,9,0,0,9
ICR_419,10,0,0,10
ICR_420,8,0,0,8
ICR_421,6,7,0,13
ICR_422,5,0,0,5
ICR_423,25,3,0,28
ICR_424,10,2,3,15
ICR_425,6,2,0,8
ICR_426,6,0,0,6
ICR_427,13,0,0,13
ICR_428,7,1,1,9
ICR_429,1,9,0,10
ICR_430,6,2,0,8
ICR_431,8,6,0,14
ICR_432,7,0,0,7
ICR_433,6,2,0,8
ICR_434,9,3,0,12
ICR_435,6,2,0,8
ICR_436,8,0,0,8
ICR_437,12,2,0,14
ICR_438,14,0,0,14
ICR_439,15,2,0,17
ICR_440,7,0,0,7
ICR_441,14,0,0,14
ICR_442,3,12,0,15
ICR_443,44,3,0,47
ICR_444,3,5,0,8
ICR_445,8,0,0,8
ICR_446,18,1,0,19
ICR_447,5,0,0,5
ICR_448,6,4,0,10
ICR_449,21,1,1,23
ICR_450,15,0,0,15
ICR_451,8,0,0,8
ICR_452,6,1,0,7
ICR_453,9,0,0,9
ICR_454,57,92,0,149
ICR_455,15,2,0,17
ICR_456,9,0,0,9
ICR_457,7,0,1,8
ICR_458,7,0,0,7
ICR_459,5,4,0,9
ICR_460,0,7,0,7
ICR_461,12,0,2,14
ICR_462,7,0,0,7
ICR_463,4,0,3,7
ICR_464,7,8,0,15
ICR_465,2,5,8,15
ICR_466,5,4,0,9
ICR_467,0,4,0,4
ICR_468,5,2,0,7
ICR_469,2,4,0,6
ICR_470,12,0,0,12
ICR_471,9,0,0,9
ICR_472,1,3,0,4
ICR_473,27,12,0,39
ICR_474,7,2,8,17
ICR_475,94,15,6,115
ICR_476,7,0,0,7
ICR_477,7,0,0,7
ICR_478,12,1,0,13
ICR_479,0,9,0,9
ICR_480,8,0,0,8
ICR_481,158,48,0,206
ICR_482,4,0,0,4
ICR_483,8,0,0,8
ICR_484,40,6,7,53
ICR_485,30,12,0,42
ICR_486,9,4,0,13
ICR_487,9,7,6,22
ICR_488,1,4,0,5
ICR_489,5,2,0,7
ICR_490,7,4,0,11
ICR_491,22,2,0,24
ICR_492,7,0,0,7
ICR_493,14,1,0,15
ICR_494,7,0,0,7
ICR_495,6,0,0,6
ICR_496,15,6,0,21
ICR_497,7,1,0,8
ICR_498,14,2,0,16
ICR_499,32,23,1,56
ICR_500,6,14,0,20
ICR_501,7,2,0,9
ICR_502,8,1,0,9
ICR_503,18,5,0,23
ICR_504,4,0,0,4
ICR_505,26,23,0,49
ICR_506,14,11,0,25
ICR_507,6,0,0,6
ICR_508,10,0,0,10
ICR_509,5,1,0,6
ICR_510,8,2,0,10
ICR_511,6,10,0,16
ICR_512,1,0,5,6
ICR_513,8,0,1,9
ICR_514,0,10,0,10
ICR_515,8,4,0,12
ICR_516,12,0,0,12
ICR_517,6,4,0,10
ICR_518,5,0,0,5
ICR_519,9,1,0,10
ICR_520,5,3,0,8
ICR_521,6,0,0,6
ICR_522,13,0,0,13
ICR_523,25,0,0,25
ICR_524,3,9,0,12
ICR_525,9,0,1,10
ICR_526,3,1,0,4
ICR_527,4,5,0,9
ICR_528,18,2,0,20
ICR_529,7,1,0,8
ICR_530,8,0,0,8
ICR_531,6,11,0,17
ICR_532,15,13,0,28
ICR_533,20,6,0,26
ICR_534,20,16,0,36
ICR_535,8,0,0,8
ICR_536,9,0,2,11
ICR_537,10,0,0,10
ICR_538,8,0,0,8
ICR_539,22,3,0,25
ICR_540,10,2,0,12
ICR_541,9,0,0,9
ICR_542,18,1,0,19
ICR_543,20,7,0,27
ICR_544,8,0,0,8
ICR_545,10,9,0,19
ICR_546,7,0,0,7
ICR_547,0,6,0,6
ICR_548,180,12,0,192
ICR_549,6,20,0,26
ICR_550,13,0,0,13
ICR_551,4,12,0,16
ICR_552,9,1,0,10
ICR_553,11,2,0,13
ICR_554,13,0,0,13
ICR_555,13,32,0,45
ICR_556,0,6,0,6
ICR_557,8,3,0,11
ICR_558,5,12,0,17
ICR_559,4,1,0,5
ICR_560,27,3,0,30
ICR_561,7,0,0,7
ICR_562,10,2,0,12
ICR_563,0,10,0,10
ICR_564,23,8,0,31
ICR_565,12,6,0,18
ICR_566,12,2,1,15
ICR_567,5,17,12,34
ICR_568,0,9,0,9
ICR_569,8,0,0,8
ICR_570,3,6,0,9
ICR_571,2,0,5,7
ICR_572,19,2,3,24
ICR_573,0,0,16,16
ICR_574,0,0,25,25
ICR_575,9,4,0,13
ICR_576,4,0,5,9
ICR_577,0,0,8,8
ICR_578,12,0,5,17
ICR_579,6,0,3,9
ICR_580,4,3,0,7
ICR_581,6,0,0,6
ICR_582,5,0,3,8
ICR_583,7,0,2,9
ICR_584,1,6,4,11
ICR_585,2,5,0,7
ICR_586,7,0,0,7
ICR_587,4,0,0,4
ICR_588,1,0,3,4
ICR_589,4,0,2,6
ICR_590,6,1,0,7
ICR_591,5,0,0,5
ICR_592,19,4,0,23
ICR_593,10,7,2,19
ICR_594,7,5,4,16
ICR_595,4,2,2,8
ICR_596,0,0,6,6
ICR_597,2,0,10,12
ICR_598,13,0,0,13
ICR_599,14,3,2,19
ICR_600,7,0,0,7
ICR_601,11,1,0,12
ICR_602,7,0,0,7
ICR_603,23,5,3,31
ICR_604,9,0,0,9
ICR_605,4,9,0,13
ICR_606,5,0,0,5
ICR_607,13,7,0,20
ICR_608,14,2,5,21
ICR_609,9,4,0,13
ICR_610,1,6,0,7
ICR_611,7,0,0,7
ICR_612,3,6,0,9
ICR_613,1,5,0,6
ICR_614,11,2,0,13
ICR_615,4,3,0,7
ICR_616,10,3,0,13
ICR_617,5,0,0,5
ICR_618,18,0,0,18
ICR_619,11,1,0,12
ICR_620,4,1,0,5
ICR_621,14,0,0,14
ICR_622,11,2,0,13
ICR_623,7,5,0,12
ICR_624,5,1,0,6
ICR_625,7,0,0,7
ICR_626,17,1,0,18
ICR_627,14,3,0,17
ICR_628,12,1,0,13
ICR_629,8,3,10,21
ICR_630,9,0,0,9
ICR_631,5,2,0,7
ICR_632,0,7,0,7
ICR_633,7,0,0,7
ICR_634,5,3,0,8
ICR_635,11,0,0,11
ICR_636,14,0,0,14
ICR_637,10,1,0,11
ICR_638,3,10,0,13
ICR_639,7,0,0,7
ICR_640,5,0,0,5
ICR_641,14,2,0,16
ICR_642,10,0,0,10
ICR_643,61,6,0,67
ICR_644,11,0,0,11
ICR_645,10,1,0,11
ICR_646,4,3,0,7
ICR_647,7,0,7,14
ICR_648,4,5,9,18
ICR_649,3,9,0,12
ICR_650,14,1,3,18
ICR_651,2,6,0,8
ICR_652,4,0,1,5
ICR_653,4,0,2,6
ICR_654,4,0,0,4
ICR_655,4,2,0,6
ICR_656,8,0,0,8
ICR_657,13,8,2,23
ICR_658,5,1,0,6
ICR_659,9,2,0,11
ICR_660,17,8,0,25
ICR_661,15,1,0,16
ICR_662,7,0,0,7
ICR_663,12,0,2,14
ICR_664,10,1,0,11
ICR_665,6,0,0,6
ICR_666,13,2,0,15
ICR_667,8,0,0,8
ICR_668,7,1,0,8
ICR_669,7,0,0,7
ICR_670,7,3,0,10
ICR_671,6,0,0,6
ICR_672,7,0,0,7
ICR_673,10,2,0,12
ICR_674,13,3,0,16
ICR_675,7,0,0,7
ICR_676,9,1,0,10
ICR_677,5,4,0,9
ICR_678,3,8,0,11
ICR_679,7,2,0,9
ICR_680,6,0,0,6
ICR_681,64,24,0,88
ICR_682,10,0,0,10
ICR_683,5,0,0,5
ICR_684,13,30,0,43
ICR_685,1,5,0,6
ICR_686,4,1,0,5
ICR_687,6,0,0,6
ICR_688,17,0,0,17
ICR_689,11,2,0,13
ICR_690,6,1,0,7
ICR_691,9,0,0,9
ICR_692,0,10,20,30
ICR_693,8,1,0,9
ICR_694,9,1,0,10
ICR_695,10,7,3,20
ICR_696,7,5,0,12
ICR_697,5,0,0,5
ICR_698,0,0,5,5
ICR_699,0,0,12,12
ICR_700,0,0,8,8
ICR_701,0,0,12,12
ICR_702,3,0,1,4
ICR_703,0,0,8,8
ICR_704,0,0,9,9
ICR_705,0,0,15,15
ICR_706,0,0,32,32
ICR_707,0,22,1,23
ICR_708,13,1,0,14
ICR_709,5,1,0,6
ICR_710,7,21,0,28
ICR_711,6,1,0,7
ICR_712,4,11,0,15
ICR_713,4,4,0,8
ICR_714,5,1,0,6
ICR_715,6,0,0,6
ICR_716,0,0,77,77
ICR_717,0,0,35,35
ICR_718,0,0,33,33
ICR_719,0,0,67,67
ICR_720,39,8,0,47
ICR_721,70,42,0,112
ICR_722,8,0,0,8
ICR_723,5,4,0,9
ICR_724,3,10,0,13
ICR_725,4,2,0,6
ICR_726,14,0,0,14
ICR_727,13,0,0,13
ICR_728,4,8,0,12
ICR_729,7,3,0,10
ICR_730,9,0,0,9
ICR_731,6,4,6,16
ICR_732,15,6,0,21
ICR_733,7,1,1,9
ICR_734,6,0,0,6
ICR_735,5,2,0,7
ICR_736,6,0,0,6
ICR_737,21,7,0,28
ICR_738,7,3,0,10
ICR_739,4,0,0,4
ICR_740,6,3,0,9
ICR_741,1,21,0,22
ICR_742,11,0,0,11
ICR_743,13,2,0,15
ICR_744,16,2,0,18
ICR_745,8,0,3,11
ICR_746,10,0,0,10
ICR_747,17,0,4,21
ICR_748,10,0,0,10
ICR_749,4,0,6,10
ICR_750,4,1,0,5
ICR_751,8,0,0,8
ICR_752,10,0,0,10
ICR_753,13,12,0,25
ICR_754,11,0,0,11
ICR_755,18,2,0,20
ICR_756,17,9,0,26
ICR_757,8,0,0,8
ICR_758,10,3,0,13
ICR_759,11,0,0,11
ICR_760,11,1,0,12
ICR_761,11,1,0,12
ICR_762,21,27,0,48
ICR_763,26,1,0,27
ICR_764,18,0,0,18
ICR_765,0,7,0,7
ICR_766,27,42,0,69
ICR_767,15,4,0,19
ICR_768,6,1,0,7
ICR_769,3,5,0,8
ICR_770,3,3,0,6
ICR_771,5,1,0,6
ICR_772,6,0,0,6
ICR_773,6,2,0,8
ICR_774,4,0,0,4
ICR_775,8,0,0,8
ICR_776,5,0,0,5
ICR_777,5,0,0,5
ICR_778,6,0,0,6
ICR_779,5,2,0,7
ICR_780,6,0,0,6
ICR_781,9,1,0,10
ICR_782,9,13,0,22
ICR_783,9,2,0,11
ICR_784,2,2,0,4
ICR_785,4,13,0,17
ICR_786,6,0,0,6
ICR_787,13,12,0,25
ICR_788,6,2,0,8
ICR_789,8,0,0,8
ICR_790,13,0,0,13
ICR_791,14,0,0,14
ICR_792,13,0,0,13
ICR_793,4,0,0,4
ICR_794,11,0,0,11
ICR_795,5,4,0,9
ICR_796,7,0,0,7
ICR_797,4,9,0,13
ICR_798,1,0,7,8
ICR_799,3,5,0,8
ICR_800,20,6,0,26
ICR_801,6,2,0,8
ICR_802,6,0,0,6
ICR_803,11,0,0,11
ICR_804,2,10,0,12
ICR_805,15,12,0,27
ICR_806,2,8,0,10
ICR_807,7,1,0,8
ICR_808,5,1,0,6
ICR_809,4,5,0,9
ICR_810,4,0,1,5
ICR_811,6,0,3,9
ICR_812,1,8,0,9
ICR_813,5,0,0,5
ICR_814,11,2,0,13
ICR_815,7,15,0,22
ICR_816,11,6,0,17
ICR_817,4,0,0,4
ICR_818,6,0,0,6
ICR_819,6,0,0,6
ICR_820,15,3,0,18
ICR_821,36,12,0,48
ICR_822,5,0,0,5
ICR_823,8,3,0,11
ICR_824,9,4,0,13
ICR_825,18,0,0,18
ICR_826,158,43,0,201
ICR_827,28,0,0,28
ICR_828,6,0,0,6
ICR_829,17,20,0,37
ICR_830,7,0,0,7
ICR_831,11,0,0,11
ICR_832,10,0,0,10
ICR_833,20,0,0,20
ICR_834,11,4,8,23
ICR_835,0,6,0,6
ICR_836,10,2,0,12
ICR_837,5,6,0,11
ICR_838,39,13,7,59
ICR_839,9,2,0,11
ICR_840,10,0,0,10
ICR_841,2,38,0,40
ICR_842,0,17,2,19
ICR_843,21,6,0,27
ICR_844,3,4,2,9
ICR_845,6,0,0,6
ICR_846,4,5,0,9
ICR_847,19,5,0,24
ICR_848,0,10,0,10
ICR_849,11,4,0,15
ICR_850,9,0,0,9
ICR_851,7,1,4,12
ICR_852,6,1,0,7
ICR_853,16,5,0,21
ICR_854,9,8,2,19
ICR_855,1,6,0,7
ICR_856,6,3,0,9
ICR_857,4,5,0,9
ICR_858,2,4,0,6
ICR_859,6,0,0,6
ICR_860,11,0,0,11
ICR_861,5,1,0,6
ICR_862,17,0,0,17
ICR_863,7,0,0,7
ICR_864,5,4,0,9
ICR_865,12,1,0,13
ICR_866,10,0,0,10
ICR_867,8,2,0,10
ICR_868,8,1,0,9
ICR_869,9,1,0,10
ICR_870,9,4,0,13
ICR_871,9,0,0,9
ICR_872,14,8,0,22
ICR_873,170,34,0,204
ICR_874,8,5,0,13
ICR_875,10,8,0,18
ICR_876,1,7,0,8
ICR_877,9,3,0,12
ICR_878,13,0,0,13
ICR_879,8,3,1,12
ICR_880,6,1,0,7
ICR_881,6,1,0,7
ICR_882,3,0,2,5
ICR_883,0,13,0,13
ICR_884,7,0,0,7
ICR_885,0,5,1,6
ICR_886,19,7,0,26
ICR_887,34,15,0,49
ICR_888,4,0,0,4
ICR_889,6,0,0,6
ICR_890,8,0,0,8
ICR_891,6,0,0,6
ICR_892,8,0,0,8
ICR_893,72,42,0,114
ICR_894,17,8,0,25
ICR_895,9,0,0,9
ICR_896,1,6,0,7
ICR_897,8,0,0,8
ICR_898,13,2,0,15
ICR_899,4,0,0,4
ICR_900,6,0,0,6
ICR_901,16,0,0,16
ICR_902,14,1,0,15
ICR_903,10,17,0,27
ICR_904,4,6,0,10
ICR_905,9,2,0,11
ICR_906,12,0,0,12
ICR_907,11,5,0,16
ICR_908,20,6,0,26
ICR_909,8,1,0,9
ICR_910,5,1,0,6
ICR_911,9,2,0,11
ICR_912,9,0,0,9
ICR_913,46,4,0,50
ICR_914,10,0,0,10
ICR_915,0,6,0,6
ICR_916,8,54,0,62
ICR_917,4,1,0,5
ICR_918,8,4,0,12
ICR_919,8,0,0,8
ICR_920,36,26,0,62
ICR_921,17,2,0,19
ICR_922,9,2,0,11
ICR_923,10,18,0,28
ICR_924,7,3,0,10
ICR_925,6,14,0,20
ICR_926,11,2,0,13
ICR_927,42,11,0,53
ICR_928,7,0,0,7
ICR_929,7,2,0,9
ICR_930,3,7,0,10
ICR_931,12,0,0,12
ICR_932,0,9,8,17
ICR_933,5,0,0,5
ICR_934,14,9,0,23
ICR_935,4,4,0,8
ICR_936,2,0,2,4
ICR_937,10,1,5,16
ICR_938,0,0,17,17
ICR_939,0,0,10,10
ICR_940,0,0,13,13
ICR_941,2,0,8,10
ICR_942,4,8,0,12
ICR_943,6,1,1,8
ICR_944,0,9,0,9
ICR_945,6,0,0,6
ICR_946,0,0,4,4
ICR_947,4,3,0,7
ICR_948,7,0,0,7
ICR_949,5,0,0,5
ICR_950,2,4,0,6
ICR_951,4,0,0,4
ICR_952,4,0,1,5
ICR_953,0,7,8,15
ICR_954,8,2,0,10
ICR_955,7,0,0,7
ICR_956,7,0,0,7
ICR_957,6,0,1,7
ICR_958,8,0,1,9
ICR_959,3,3,0,6
ICR_960,7,1,0,8
ICR_961,4,0,0,4
ICR_962,13,0,0,13
ICR_963,21,0,0,21
ICR_964,9,0,0,9
ICR_965,9,0,0,9
ICR_966,12,1,0,13
ICR_967,31,10,0,41
ICR_968,1,4,0,5
ICR_969,7,0,0,7
ICR_970,6,0,0,6
ICR_971,7,0,0,7
ICR_972,8,0,0,8
ICR_973,10,2,0,12
ICR_974,11,1,0,12
ICR_975,12,3,0,15
ICR_976,9,0,1,10
ICR_977,8,0,3,11
ICR_978,11,0,0,11
ICR_979,9,0,0,9
ICR_980,6,5,0,11
ICR_981,6,1,0,7
ICR_982,4,2,0,6
ICR_983,16,0,0,16
ICR_984,6,9,0,15
ICR_985,7,0,0,7
ICR_986,4,3,0,7
ICR_987,12,28,0,40
ICR_988,4,9,3,16
ICR_989,12,0,0,12
ICR_990,5,1,0,6
ICR_991,11,0,0,11
ICR_992,9,4,0,13
ICR_993,24,0,0,24
ICR_994,6,1,0,7
ICR_995,18,3,0,21
ICR_996,16,8,0,24
ICR_997,19,1,0,20
ICR_998,19,5,0,24
ICR_999,9,5,0,14
ICR_1000,2,3,0,5
ICR_1001,2,9,6,17
ICR_1002,16,0,0,16
ICR_1003,6,0,1,7
ICR_1004,4,1,0,5
ICR_1005,5,0,0,5
ICR_1006,1,5,0,6
ICR_1007,7,0,0,7
ICR_1008,15,7,0,22
ICR_1009,5,3,0,8
ICR_1010,10,0,0,10
ICR_1011,10,1,0,11
ICR_1012,13,0,0,13
ICR_1013,3,1,0,4
ICR_1014,3,16,1,20
ICR_1015,9,2,0,11
ICR_1016,1,9,0,10
ICR_1017,6,0,0,6
ICR_1018,3,13,0,16
ICR_1019,2,5,0,7
ICR_1020,7,0,0,7
ICR_1021,9,7,0,16
ICR_1022,0,8,0,8
ICR_1023,19,3,0,22
ICR_1024,6,0,0,6
ICR_1025,10,2,0,12
ICR_1026,5,0,0,5
ICR_1027,11,2,0,13
ICR_1028,10,5,0,15
ICR_1029,3,14,0,17
ICR_1030,9,0,0,9
ICR_1031,5,6,0,11
ICR_1032,7,0,0,7
ICR_1033,11,2,15,28
ICR_1034,4,10,1,15
ICR_1035,6,0,0,6
ICR_1036,18,0,0,18
ICR_1037,5,1,0,6
ICR_1038,10,3,0,13
ICR_1039,1,11,0,12
ICR_1040,5,3,0,8
ICR_1041,0,9,0,9
ICR_1042,4,4,1,9
ICR_1043,34,8,0,42
ICR_1044,6,0,0,6
ICR_1045,12,0,0,12
ICR_1046,5,11,0,16
ICR_1047,7,0,0,7
ICR_1048,29,30,1,60
ICR_1049,7,0,0,7
ICR_1050,6,2,0,8
ICR_1051,9,7,0,16
ICR_1052,30,13,0,43
ICR_1053,41,0,0,41
ICR_1054,8,0,7,15
ICR_1055,12,0,0,12
ICR_1056,5,6,0,11
ICR_1057,9,0,0,9
ICR_1058,9,0,0,9
ICR_1059,3,1,0,4
ICR_1060,3,3,0,6
ICR_1061,7,0,0,7
ICR_1062,5,1,0,6
ICR_1063,6,8,0,14
ICR_1064,5,0,0,5
ICR_1065,8,0,0,8
ICR_1066,6,2,0,8
ICR_1067,9,0,0,9
ICR_1068,13,12,0,25
ICR_1069,6,8,0,14
ICR_1070,0,6,0,6
ICR_1071,10,0,0,10
ICR_1072,10,6,0,16
ICR_1073,8,2,0,10
ICR_1074,6,2,0,8
ICR_1075,18,0,0,18
ICR_1076,7,1,0,8
ICR_1077,0,8,2,10
ICR_1078,7,2,0,9
ICR_1079,10,3,0,13
ICR_1080,5,0,0,5
ICR_1081,10,1,0,11
ICR_1082,6,3,5,14
ICR_1083,11,1,0,12
ICR_1084,1,5,0,6
ICR_1085,7,0,0,7
ICR_1086,14,0,0,14
ICR_1087,22,2,0,24
ICR_1088,19,1,0,20
ICR_1089,8,8,0,16
ICR_1090,5,2,0,7
ICR_1091,15,1,0,16
ICR_1092,14,5,0,19
ICR_1093,7,1,0,8
ICR_1094,15,3,0,18
ICR_1095,4,0,0,4
ICR_1096,1,6,0,7
ICR_1097,11,0,0,11
ICR_1098,61,26,0,87
ICR_1099,8,1,0,9
ICR_1100,3,4,0,7
ICR_1101,4,0,0,4
ICR_1102,4,4,0,8
ICR_1103,27,7,0,34
ICR_1104,13,0,0,13
ICR_1105,19,22,0,41
ICR_1106,12,0,0,12
ICR_1107,9,0,0,9
ICR_1108,8,0,0,8
ICR_1109,6,7,0,13
ICR_1110,5,4,0,9
ICR_1111,7,0,0,7
ICR_1112,0,10,0,10
ICR_1113,8,4,0,12
ICR_1114,7,3,0,10
ICR_1115,9,1,0,10
ICR_1116,11,1,0,12
ICR_1117,6,3,0,9
ICR_1118,7,0,0,7
ICR_1119,3,5,0,8
ICR_1120,13,3,0,16
ICR_1121,0,4,0,4
ICR_1122,6,1,0,7
ICR_1123,1,4,0,5
ICR_1124,4,22,0,26
ICR_1125,10,3,0,13
ICR_1126,2,3,0,5
ICR_1127,2,7,0,9
ICR_1128,6,2,0,8
ICR_1129,6,0,0,6
ICR_1130,9,0,0,9
ICR_1131,8,1,0,9
ICR_1132,10,7,0,17
ICR_1133,14,0,0,14
ICR_1134,14,0,0,14
ICR_1135,95,21,0,116
ICR_1136,71,21,0,92
ICR_1137,2,4,0,6
ICR_1138,2,2,0,4
ICR_1139,6,2,0,8
ICR_1140,2,4,3,9
ICR_1141,6,9,0,15
ICR_1142,178,36,0,214
ICR_1143,10,6,0,16
ICR_1144,4,0,0,4
ICR_1145,5,0,0,5
ICR_1146,12,0,0,12
ICR_1147,5,8,0,13
ICR_1148,17,34,0,51
ICR_1149,9,4,0,13
ICR_1150,12,1,0,13
ICR_1151,7,4,0,11
ICR_1152,10,18,0,28
ICR_1153,12,0,0,12
ICR_1154,10,0,0,10
ICR_1155,10,0,0,10
ICR_1156,13,0,0,13
ICR_1157,8,8,0,16
ICR_1158,8,2,0,10
ICR_1159,8,0,0,8
ICR_1160,9,1,0,10
ICR_1161,9,3,0,12
ICR_1162,12,0,0,12
ICR_1163,7,4,0,11
ICR_1164,5,0,0,5
ICR_1165,36,7,0,43
ICR_1166,5,0,0,5
ICR_1167,3,1,0,4
ICR_1168,0,4,0,4
ICR_1169,6,0,2,8
ICR_1170,0,6,0,6
ICR_1171,5,0,0,5
ICR_1172,1,6,0,7
ICR_1173,6,3,0,9
ICR_1174,7,2,0,9
ICR_1175,7,7,0,14
ICR_1176,4,3,0,7
ICR_1177,7,1,0,8
ICR_1178,8,0,0,8
ICR_1179,9,0,0,9
ICR_1180,16,0,0,16
ICR_1181,13,7,4,24
ICR_1182,27,40,1,68
ICR_1183,4,5,0,9
ICR_1184,4,1,0,5
ICR_1185,9,0,0,9
ICR_1186,6,1,0,7
ICR_1187,15,5,0,20
ICR_1188,6,1,0,7
ICR_1189,0,9,0,9
ICR_1190,5,4,0,9
ICR_1191,38,3,0,41
ICR_1192,85,39,0,124
ICR_1193,31,4,0,35
ICR_1194,64,16,0,80
ICR_1195,5,3,0,8
ICR_1196,22,19,0,41
ICR_1197,15,2,0,17
ICR_1198,3,5,0,8
ICR_1199,7,0,0,7
ICR_1200,18,5,0,23
ICR_1201,3,13,0,16
ICR_1202,5,17,0,22
ICR_1203,3,16,0,19
ICR_1204,12,0,0,12
ICR_1205,179,63,0,242
ICR_1206,85,9,0,94
ICR_1207,138,64,0,202
ICR_1208,78,123,0,201
ICR_1209,14,0,0,14
ICR_1210,3,10,0,13
ICR_1211,9,1,0,10
ICR_1212,6,0,0,6
ICR_1213,6,2,0,8
ICR_1214,7,0,0,7
ICR_1215,0,10,1,11
ICR_1216,15,0,0,15
ICR_1217,6,0,0,6
ICR_1218,7,0,0,7
ICR_1219,6,0,0,6
ICR_1220,7,1,1,9
ICR_1221,10,0,0,10
ICR_1222,5,0,0,5
ICR_1223,0,0,5,5
ICR_1224,0,0,30,30
ICR_1225,0,0,28,28
ICR_1226,0,0,18,18
ICR_1227,0,0,5,5
ICR_1228,2,10,10,22
ICR_1229,0,0,9,9
ICR_1230,0,0,21,21
ICR_1231,0,0,14,14
ICR_1232,0,0,9,9
ICR_1233,0,0,5,5
ICR_1234,0,0,9,9
ICR_1235,0,0,8,8
ICR_1236,0,0,8,8
ICR_1237,0,0,9,9
ICR_1238,1,0,11,12
ICR_1239,0,0,5,5
ICR_1240,0,0,10,10
ICR_1241,0,0,7,7
ICR_1242,0,0,24,24
ICR_1243,0,0,8,8
ICR_1244,0,0,8,8
ICR_1245,0,0,4,4
ICR_1246,0,0,18,18
ICR_1247,0,0,29,29
ICR_1248,0,0,35,35
ICR_1249,1,0,33,34
ICR_1250,0,0,8,8
ICR_1251,0,0,8,8
ICR_1252,0,0,5,5
ICR_1253,0,0,22,22
ICR_1254,0,0,10,10
ICR_1255,0,0,31,31
ICR_1256,0,0,4,4
ICR_1257,0,0,10,10
ICR_1258,0,0,21,21
ICR_1259,0,0,23,23
ICR_1260,0,0,12,12
ICR_1261,0,0,7,7
ICR_1262,0,0,6,6
ICR_1263,0,0,60,60
ICR_1264,0,0,5,5
ICR_1265,0,0,8,8
ICR_1266,0,0,32,32
ICR_1267,0,0,13,13
ICR_1268,0,0,5,5
ICR_1269,0,0,24,24
ICR_1270,0,0,8,8
ICR_1271,0,0,14,14
ICR_1272,0,0,6,6
ICR_1273,0,0,18,18
ICR_1274,0,0,6,6
ICR_1275,0,0,19,19
ICR_1276,0,0,9,9
ICR_1277,0,0,12,12
ICR_1278,0,0,17,17
ICR_1279,0,0,5,5
ICR_1280,0,0,24,24
ICR_1281,0,0,32,32
ICR_1282,0,0,11,11
ICR_1283,0,0,8,8
ICR_1284,0,0,22,22
ICR_1285,0,0,6,6
ICR_1286,2,1,6,9
ICR_1287,0,0,6,6
ICR_1288,0,0,4,4
ICR_1289,0,0,23,23
ICR_1290,4,0,3,7
ICR_1291,5,0,3,8
ICR_1292,3,0,6,9
ICR_1293,2,0,6,8
ICR_1294,0,0,6,6
ICR_1295,1,0,3,4
ICR_1296,0,0,8,8
ICR_1297,2,0,9,11
ICR_1298,6,3,0,9
ICR_1299,3,1,0,4
ICR_1300,6,0,6,12
ICR_1301,6,0,0,6
ICR_1302,0,4,0,4
ICR_1303,9,0,2,11
ICR_1304,1,0,7,8
ICR_1305,6,2,1,9
ICR_1306,4,0,0,4
ICR_1307,3,1,1,5
ICR_1308,6,0,3,9
ICR_1309,4,0,7,11
ICR_1310,3,1,9,13
ICR_1311,4,3,5,12
ICR_1312,4,0,3,7
ICR_1313,7,0,2,9
ICR_1314,12,0,0,12
ICR_1315,21,0,0,21
ICR_1316,17,0,0,17
ICR_1317,3,3,0,6
ICR_1318,0,7,0,7
ICR_1319,7,4,0,11
ICR_1320,37,3,0,40
ICR_1321,9,0,0,9
ICR_1322,7,0,0,7
ICR_1323,11,3,0,14
ICR_1324,5,3,0,8
ICR_1325,0,5,0,5
ICR_1326,11,3,0,14
ICR_1327,10,7,0,17
ICR_1328,12,0,0,12
ICR_1329,3,7,0,10
ICR_1330,0,6,1,7
ICR_1331,5,5,3,13
ICR_1332,5,0,0,5
ICR_1333,0,6,0,6
ICR_1334,4,0,1,5
ICR_1335,4,2,4,10
ICR_1336,4,2,1,7
ICR_1337,6,0,0,6
ICR_1338,3,1,1,5
ICR_1339,6,0,0,6
ICR_1340,3,0,2,5
ICR_1341,6,1,4,11
ICR_1342,11,0,1,12
ICR_1343,3,0,5,8
ICR_1344,0,0,10,10
ICR_1345,3,0,4,7
ICR_1346,3,1,4,8
ICR_1347,6,0,0,6
ICR_1348,8,3,0,11
ICR_1349,3,3,0,6
ICR_1350,0,0,13,13
ICR_1351,3,7,1,11
ICR_1352,5,3,0,8
ICR_1353,8,0,0,8
ICR_1354,0,6,1,7
ICR_1355,9,2,0,11
ICR_1356,12,0,0,12
ICR_1357,9,0,0,9
ICR_1358,12,3,0,15
ICR_1359,9,3,0,12
ICR_1360,8,1,0,9
ICR_1361,8,0,2,10
ICR_1362,8,0,0,8
ICR_1363,5,0,0,5
ICR_1364,5,1,0,6
ICR_1365,10,1,0,11
ICR_1366,4,3,0,7
ICR_1367,22,4,0,26
ICR_1368,45,9,0,54
ICR_1369,10,0,0,10
ICR_1370,6,2,0,8
ICR_1371,2,5,0,7
ICR_1372,5,2,0,7
ICR_1373,9,0,0,9
ICR_1374,9,0,0,9
ICR_1375,47,9,0,56
ICR_1376,9,0,0,9
ICR_1377,14,0,0,14
ICR_1378,6,0,0,6
ICR_1379,17,1,0,18
ICR_1380,9,0,0,9
ICR_1381,9,7,0,16
ICR_1382,2,3,0,5
ICR_1383,6,1,0,7
ICR_1384,9,0,0,9
ICR_1385,17,0,0,17
ICR_1386,0,4,0,4
ICR_1387,1,6,0,7
ICR_1388,14,2,0,16
ICR_1389,7,1,0,8
ICR_1390,5,0,0,5
ICR_1391,4,10,0,14
ICR_1392,7,0,0,7
ICR_1393,6,4,0,10
ICR_1394,27,0,1,28
ICR_1395,4,5,0,9
ICR_1396,18,0,0,18
ICR_1397,12,0,0,12
ICR_1398,31,8,0,39
ICR_1399,5,7,0,12
ICR_1400,6,0,0,6
ICR_1401,9,0,3,12
ICR_1402,5,0,2,7
ICR_1403,9,0,0,9
ICR_1404,13,2,0,15
ICR_1405,14,2,0,16
ICR_1406,5,1,0,6
ICR_1407,6,2,0,8
ICR_1408,5,0,0,5
ICR_1409,14,0,0,14
ICR_1410,8,3,0,11
ICR_1411,10,0,0,10
ICR_1412,9,5,0,14
ICR_1413,14,0,0,14
ICR_1414,6,5,0,11
ICR_1415,23,0,0,23
ICR_1416,8,0,0,8
ICR_1417,16,4,0,20
ICR_1418,8,2,0,10
ICR_1419,4,5,0,9
ICR_1420,5,5,0,10
ICR_1421,17,6,0,23
ICR_1422,8,0,0,8
ICR_1423,2,0,4,6
ICR_1424,9,1,0,10
ICR_1425,11,0,0,11
ICR_1426,7,0,0,7
ICR_1427,8,0,0,8
ICR_1428,7,0,0,7
ICR_1429,9,0,0,9
ICR_1430,8,0,0,8
ICR_1431,7,1,0,8
ICR_1432,6,0,0,6
ICR_1433,4,1,0,5
ICR_1434,7,0,0,7
ICR_1435,7,1,0,8
ICR_1436,7,0,0,7
ICR_1437,11,0,0,11
ICR_1438,25,1,0,26
ICR_1439,10,0,0,10
ICR_1440,11,0,0,11
ICR_1441,23,2,0,25
ICR_1442,11,5,10,26
ICR_1443,3,0,2,5
ICR_1444,15,0,0,15
ICR_1445,13,0,0,13
ICR_1446,18,2,0,20
ICR_1447,5,0,0,5
ICR_1448,16,0,3,19
ICR_1449,11,9,0,20
ICR_1450,25,7,0,32
ICR_1451,9,0,0,9
ICR_1452,11,0,0,11
ICR_1453,8,1,1,10
ICR_1454,11,3,3,17
ICR_1455,27,1,0,28
ICR_1456,7,0,0,7
ICR_1457,7,3,0,10
ICR_1458,6,1,0,7
ICR_1459,5,3,0,8
ICR_1460,8,0,1,9
ICR_1461,11,1,0,12
ICR_1462,10,8,0,18
ICR_1463,10,1,0,11
ICR_1464,4,1,0,5
ICR_1465,22,3,2,27
ICR_1466,10,5,0,15
ICR_1467,25,0,1,26
ICR_1468,8,2,0,10
ICR_1469,11,14,0,25
ICR_1470,4,0,0,4
ICR_1471,7,0,0,7
ICR_1472,11,0,0,11
ICR_1473,4,4,0,8
ICR_1474,11,0,0,11
ICR_1475,0,7,0,7
ICR_1476,18,6,0,24
ICR_1477,7,3,0,10
ICR_1478,9,1,0,10
ICR_1479,13,3,0,16
ICR_1480,11,3,0,14
ICR_1481,13,0,0,13
ICR_1482,12,10,0,22
ICR_1483,19,0,0,19
ICR_1484,12,1,0,13
ICR_1485,10,0,0,10
ICR_1486,6,0,0,6
ICR_1487,4,3,0,7
ICR_1488,14,0,1,15
