ID,Genomic Coordinates,Parental Origin of Methylation,Nearest Transcript,Distance to Nearest Transcript
ICR_1^,chr1:605447-605698,,MTND1P23,23364
ICR_2^,chr1:628959-630792,P,MTND1P23|MTND2P28,0
ICR_3^,chr1:632183-632834,P,MTCO1P12|MIR12136|MTCO2P12,0
ICR_4^,chr1:633381-634921,P,MTCO2P12|MTATP8P1|MTATP6P1|MTCO3P12,0
ICR_5*^,chr1:940289-940324,,SAMD11,0
ICR_6*,chr1:1174554-1174597,P,TTLL10,0
ICR_7^,chr1:1232896-1232944,,B3GALT6,0
ICR_8,chr1:1575713-1575919,,SSU72,850
ICR_9^,chr1:1859182-1859730,,GNB1,0
ICR_10^,chr1:2469095-2469433,P,PLCH2,0
ICR_11,chr1:2657156-2657383,,TTC34,0
ICR_12,chr1:2661644-2661722,M,TTC34,0
ICR_13,chr1:4600059-4600405,P**,LINC01646,16353
ICR_14*^,chr1:5949227-5949623,P**,NPHP4,0
ICR_15,chr1:6461637-6461737,M,TNFRSF25,0
ICR_16^,chr1:7199286-7199687,M,CAMTA1,0
ICR_17^,chr1:8117511-8117827,P,RPL7AP18,59024
ICR_18^,chr1:9162042-9162599,,MIR34AHG,0
ICR_19*^,chr1:9234719-9234755,,H6PD,12
ICR_20^,chr1:10682902-10683413,P,CASZ1,0
ICR_21,chr1:10808891-10809149,P,CASZ1,12241
ICR_22^,chr1:16164023-16164515,P,EPHA2,7919
ICR_23^,chr1:17569678-17570146,,ARHGEF10L,0
ICR_24*^,chr1:19643228-19643530,M**,NBL1,0
ICR_25^,chr1:22428873-22429209,M,ZBTB40,0
ICR_26,chr1:24210504-24210603,P,LINC02800,0
ICR_27,chr1:24503163-24503185,M**,RCAN3,0
ICR_28,chr1:26622032-26622250,,RN7SL679P,28486
ICR_29^,chr1:29990938-29991337,,LINC01648,22615
ICR_30,chr1:31586949-31587065,,TINAGL1,0
ICR_31,chr1:31773101-31773224,M**,ADGRB2,8761
ICR_32*^,chr1:32471040-32471395,M,ZBTB8B,0
ICR_33*,chr1:32886988-32887301,,HPCA,0
ICR_34^,chr1:32963351-32963481,,RNF19B,0
ICR_35^,chr1:35699589-35699951,M,C1orf216,13925
ICR_36^,chr1:36572484-36573080,P,FTLP18,57255
ICR_37,chr1:37761780-37761898,M**,EPHA10,0
ICR_38,chr1:37990629-37990727,,SF3A3,607
ICR_39,chr1:38210131-38210429,P,LINC01343,0
ICR_40^,chr1:39559036-39559674,M,PPIEL,0
ICR_41*^,chr1:41423557-41423666,P,FOXO6,39967
ICR_42,chr1:42145815-42145896,,GUCA2B,7514
ICR_43^,chr1:47963613-47963993,P,TRABD2B,0
ICR_44^,chr1:53145868-53146595,P,SLC1A7,3230
ICR_45,chr1:53276947-53277068,,LRP8,0
ICR_46*^,chr1:68046822-68047535,M,DIRAS3,0
ICR_47^#,chr1:68049858-68051097,M,DIRAS3,0
ICR_48*^,chr1:68051239-68051861,M,DIRAS3,0
ICR_49^,chr1:69312582-69312695,,LINC02791,63065
ICR_50,chr1:75376248-75376584,,SLC44A5,0
ICR_51*^,chr1:77687510-77687630,,ZZZ3,4070
ICR_52^,chr1:91171791-91172929,P,HFM1,87837
ICR_53^,chr1:91387426-91387588,,HFM1,0
ICR_54,chr1:112742974-112743310,M**,NUTF2P4,4785
ICR_55^,chr1:116641652-116642769,,IGSF3,0
ICR_56,chr1:125086125-125086242,,PPIAL4F,1.00E+08
ICR_57,chr1:125086657-125086787,,PPIAL4F,1.00E+08
ICR_58,chr1:125126341-125127474,,PPIAL4F,1.00E+08
ICR_59,chr1:144547463-144547582,,PPIAL4F,45286
ICR_60,chr1:144642001-144642148,,LINC01632,0
ICR_61,chr1:144813474-144813505,,LSP1P5,72668
ICR_62,chr1:148011459-148011977,P,PDZK1P1|LINC02804,0
ICR_63,chr1:148354878-148355291,,MIR5087,20324
ICR_64^,chr1:156216551-156216822,,PMF1,0
ICR_65,chr1:156840564-156840978,P,NTRK1|INSRR,0
ICR_66,chr1:157278910-157279545,M**,LINC02772,0
ICR_67,chr1:161442725-161442826,,FCGR2A,62604
ICR_68,chr1:161449348-161449576,,FCGR2A,55854
ICR_69,chr1:161458396-161458728,,FCGR2A,46702
ICR_70,chr1:161472562-161472609,,FCGR2A,32821
ICR_71,chr1:164087963-164088420,,NMNAT1P2,254532
ICR_72,chr1:166343070-166343120,M**,FMO7P,131625
ICR_73,chr1:168056307-168056468,M,DCAF6|GCSHP5,0
ICR_74,chr1:175505315-175505505,,TNR,0
ICR_75^,chr1:176313754-176314036,,MORF4L1P7,53670
ICR_76^,chr1:179586745-179586852,M**,TDRD5,4761
ICR_77^,chr1:180935406-180935498,M**,KIAA1614,0
ICR_78^,chr1:203076164-203076460,,PPFIA4,0
ICR_79^,chr1:203861024-203861206,M**,SNRPE,393
ICR_80*^,chr1:204829545-204831249,P,NFASC,0
ICR_81^,chr1:208044765-208045294,P,PLXNA2,0
ICR_82^,chr1:209645908-209646203,P**,LAMB3,0
ICR_83^,chr1:226127234-226127411,P,ACBD3,17268
ICR_84,chr1:227558329-227558593,,RNA5SP77,2588
ICR_85^,chr1:228174003-228174086,,IBA57,0
ICR_86,chr1:228470749-228471025,M**,H2BU2P,6174
ICR_87,chr1:228617766-228617825,,RNA5S4,657
ICR_88,chr1:228619143-228619258,,RNA5S5,0
ICR_89^,chr1:228620967-228621017,,RNA5S6,428
ICR_90^,chr1:228622208-228622303,,RNA5S6,643
ICR_91,chr1:228625042-228625229,,RNA5S8,678
ICR_92^,chr1:228632865-228633148,,RNA5S11,116
ICR_93^,chr1:228635189-228635657,,RNA5S12,200
ICR_94,chr1:228636250-228636431,,RNA5S13,663
ICR_95^,chr1:228637728-228637831,,RNA5S13,514
ICR_96^,chr1:228754271-228755024,,RHOU,7602
ICR_97,chr1:228755198-228755269,,RHOU,8529
ICR_98*^,chr1:234231622-234231851,,SLC35F3,0
ICR_99^,chr1:234356908-234357513,,RPS15P2,0
ICR_100^,chr1:234955629-234956306,P,RN7SL668P,51141
ICR_101^,chr1:236120016-236120293,P,GPR137B,22236
ICR_102*^,chr1:240492941-240493380,,GREM2,0
ICR_103*^,chr1:243101535-243101819,,LINC01347,0
ICR_104,chr1:243916707-243916919,,LINC02774,483
ICR_105,chr1:244048598-244048661,,ZBTB18,278
ICR_106^,chr1:244729465-244729883,,DESI2,20432
ICR_107,chr1:245688553-245688677,M,KIF26B,0
ICR_108,chr1:247518137-247518222,,GCSAML,0
ICR_109,chr1:247530969-247531234,,GCSAML|OR2C3,0
ICR_110,chr1:248692088-248692168,,LYPD9P,4894
ICR_111,chr2:11106-11299,M**,SH3YL1,206837
ICR_112,chr2:636482-636639,,TMEM18,27238
ICR_113,chr2:730278-730395,M**,LINC01115,49445
ICR_114*^,chr2:25161155-25161328,M**,POMC,0
ICR_115*,chr2:26728575-26728788,,KCNK3,0
ICR_116^,chr2:28342638-28342806,P,BABAM2,3737
ICR_117,chr2:31581451-31581676,M,SRD5A2,0
ICR_118^,chr2:36240518-36240688,,RPL21P36,58671
ICR_119^,chr2:39243625-39244106,,CDKL4,0
ICR_120^,chr2:42961751-42962095,,LINC01819,65758
ICR_121^,chr2:44885640-44886022,P,LINC01833,35058
ICR_122^,chr2:44947693-44949267,,SIX3,1622
ICR_123^,chr2:49229257-49229842,P,FSHR,74730
ICR_124^,chr2:53961656-53961932,P**,PSME4,0
ICR_125,chr2:54289850-54290281,M,ACYP2,0
ICR_126^,chr2:68679047-68679733,,PROKR1,20796
ICR_127,chr2:90245081-90245412,,IGK,9713
ICR_128,chr2:91414357-91414491,,LSP1P4,222192
ICR_129,chr2:91459090-91459930,,LSP1P4,176753
ICR_130,chr2:91748715-91748860,,GGT8P,26482
ICR_131,chr2:91940731-91945010,,ACTR3BP2,0
ICR_132,chr2:91974862-91974933,,CHEK2P3,11250
ICR_133^,chr2:95078802-95079392,P,MRPS5,5977
ICR_134,chr2:97724050-97724186,,ZAP70,0
ICR_135^,chr2:98822248-98822374,,KIAA1211L,0
ICR_136,chr2:105180733-105181408,M**,LINC01918,35309
ICR_137,chr2:105236991-105237239,M**,GPR45,4504
ICR_138,chr2:106584530-106584661,,CD8B2,40233
ICR_139,chr2:107132074-107132624,,LINC01789,128076
ICR_140^,chr2:112433099-112433213,,RGPD8,0
ICR_141*^,chr2:117859040-117859178,,HTR5BP,249
ICR_142*^,chr2:119350054-119351113,,C2orf76,0
ICR_143^,chr2:119430482-119430908,,TMEM37,0
ICR_144,chr2:120526146-120526533,P,LINC01101,59797
ICR_145,chr2:121076853-121076911,,GLI2,84200
ICR_146*^,chr2:127695526-127695730,,WDR33,5297
ICR_147^,chr2:128493617-128493806,,ISCA1P6,23483
ICR_148^,chr2:128607622-128608057,,ISCA1P6,88365
ICR_149^,chr2:128901753-128902169,,LINC01854,340004
ICR_150*^,chr2:129587442-129587521,,PPIAP65,90654
ICR_151*,chr2:130036983-130037204,M**,FAR2P1,0
ICR_152^,chr2:130037808-130038132,,FAR2P1|KLF2P1,0
ICR_153,chr2:131647235-131647405,,LINC01087|GRAMD4P8,0
ICR_154^,chr2:131724040-131724118,,C2orf27A|NBEAP2|TOMM40P4,0
ICR_155^,chr2:131724345-131724375,,C2orf27A|NBEAP2|TOMM40P4,0
ICR_156^,chr2:132273072-132273187,,RNA28SP,6247
ICR_157,chr2:149320367-149320581,,FAM8A3P,0
ICR_158,chr2:161340716-161341095,M,PSMD14|MXRA7P1,0
ICR_159^,chr2:162243085-162244421,P,FAP,0
ICR_160,chr2:163026310-163026448,,RPL7P61,125803
ICR_161^,chr2:173217299-173217391,M,MAP3K20,0
ICR_162^,chr2:179429150-179429367,,ZNF385B,12615
ICR_163*^,chr2:181574336-181575348,,CERKL,0
ICR_164^,chr2:201139399-201139980,,CFLAR,0
ICR_165^,chr2:206250433-206252905,,HMGN1P6,6723
ICR_166,chr2:206253064-206254113,,HMGN1P6,5515
ICR_167^,chr2:206257411-206257639,P,HMGN1P6,1989
ICR_168,chr2:206257801-206258345,P,HMGN1P6,1283
ICR_169*,chr2:206258596-206260336,P,HMGN1P6|RN7SKP260,0
ICR_170*,chr2:206260650-206261209,P,RN7SKP260,436
ICR_171,chr2:206262500-206263975,,RN7SKP260,2286
ICR_172,chr2:206264112-206264458,,RN7SKP260,3898
ICR_173,chr2:206267203-206267661,,ZDBF2,5911
ICR_174,chr2:206268137-206268603,,ZDBF2,4969
ICR_175,chr2:206269730-206270167,,ZDBF2,3405
ICR_176,chr2:206272290-206272946,,ZDBF2,626
ICR_177,chr2:218890039-218890255,P,WNT10A,0
ICR_178^,chr2:229180860-229180972,,PID1,0
ICR_179,chr2:230849889-230849990,M**,ITM2C,14195
ICR_180^,chr2:230991059-230991241,,SPATA3,4883
ICR_181,chr2:232409725-232409943,M**,ALPG,0
ICR_182^,chr2:234168141-234168738,P,SPP2,91007
ICR_183^,chr2:235503242-235503454,P**,AGAP1,0
ICR_184*^,chr2:236642778-236643076,P,ACKR3,60420
ICR_185,chr2:236803775-236804140,,ACKR3,221417
ICR_186^,chr2:237156450-237156745,,COPS8,55976
ICR_187*^,chr2:241901656-241902337,M,LINC01237,0
ICR_188,chr2:241902453-241902725,M,LINC01237,0
ICR_189,chr2:241936452-241936540,,LINC01237,0
ICR_190^,chr2:242088455-242088503,,LINC01881,130
ICR_191,chr3:147595-148344,P,CHL1,48244
ICR_192,chr3:8679127-8679350,,SSUH2,0
ICR_193^,chr3:12768912-12768970,,TMEM40,0
ICR_194^,chr3:14366359-14366571,P,LINC01267,13791
ICR_195,chr3:15333009-15333079,,SH3BP5,0
ICR_196^,chr3:23918444-23918675,,RPL15,0
ICR_197^,chr3:24303492-24303789,,THRB,0
ICR_198,chr3:28200466-28200710,M,CMC1,40883
ICR_199,chr3:30893926-30894319,M,GADL1,0
ICR_200*^,chr3:39502701-39502946,,MOBP,0
ICR_201^,chr3:42936229-42936568,,KRBOX1,0
ICR_202,chr3:44580918-44580941,P,ZKSCAN7|MPRIPP1,0
ICR_203*^,chr3:46558604-46558922,M**,LRRC2,0
ICR_204,chr3:48661163-48661239,M**,CELSR3,0
ICR_205,chr3:49984615-49984640,,RBM6,0
ICR_206,chr3:50193735-50193801,M**,GNAT1,0
ICR_207,chr3:50481168-50481455,P,CACNA2D2,0
ICR_208^,chr3:71694475-71695649,P**,EIF4E3,0
ICR_209,chr3:72928978-72929098,M,GXYLT2|FTH1P23,0
ICR_210^,chr3:75668913-75669631,,DUX4L26,0
ICR_211,chr3:96776774-96777017,,CDV3P1,0
ICR_212^,chr3:105882523-105882796,,CBLB,12971
ICR_213,chr3:119499238-119499379,,TIMMDC1,0
ICR_214*^,chr3:122660742-122660862,,EIF4BP8,0
ICR_215^,chr3:123392054-123392784,P**,ADCY5,0
ICR_216^,chr3:125596053-125596150,M**,OSBPL11,556
ICR_217^,chr3:128152943-128153045,,RUVBL1,0
ICR_218*^,chr3:128653427-128653781,,RPN1,2609
ICR_219^,chr3:128850048-128850116,P**,MARK3P3,637
ICR_220^,chr3:132137120-132137290,,CPNE4,0
ICR_221*^,chr3:133472371-133472539,,BFSP2,0
ICR_222*^,chr3:133783815-133783983,M**,TF,0
ICR_223,chr3:139020330-139020407,M**,PRR23B,0
ICR_224,chr3:139020541-139020685,,PRR23B,0
ICR_225,chr3:139044474-139044516,,PRR23C,0
ICR_226,chr3:139044727-139044832,M**,PRR23C,0
ICR_227*^,chr3:147297676-147298367,P,RPL21P71,20389
ICR_228*^,chr3:150865529-150865545,M,MINDY4B,4831
ICR_229^,chr3:156120781-156120929,M,KCNAB1,0
ICR_230^,chr3:184563668-184564356,P,EPHB3,0
ICR_231,chr3:190964768-190965274,,GMNC,100568
ICR_232,chr3:192155034-192155319,,FGF12,0
ICR_233*^,chr3:194985002-194985099,,XXYLT1,81871
ICR_234^,chr3:195657480-195657559,,SDHAP2,480
ICR_235^,chr3:196202554-196202768,,ZDHHC19,0
ICR_236,chr4:946826-947059,P**,TMEM175,0
ICR_237^,chr4:1046483-1046702,,RNF212,9546
ICR_238*^,chr4:1050914-1051080,,RNF212,5168
ICR_239,chr4:1053635-1054116,P,RNF212,2132
ICR_240,chr4:1054960-1055444,,RNF212,804
ICR_241*^,chr4:1729830-1729985,,TACC3,0
ICR_242,chr4:2428432-2428625,,CFAP99,0
ICR_243*^,chr4:2463493-2463856,M,CFAP99,530
ICR_244,chr4:3702565-3703061,P,LINC02171,24710
ICR_245,chr4:3744716-3744881,,LINC02600,13867
ICR_246^,chr4:3771074-3771481,P,ADRA2C,2548
ICR_247,chr4:4225388-4226028,,OTOP1,0
ICR_248^,chr4:4669027-4669135,,SNORD162,4604
ICR_249,chr4:4863227-4864029,M,MSX1,0
ICR_250^,chr4:6105593-6105924,M,JAKMIP1,0
ICR_251,chr4:8581258-8581331,M,GPR78,0
ICR_252,chr4:9758799-9758944,,OR7E35P,2993
ICR_253,chr4:11369191-11369261,,RNPS1P1,0
ICR_254^,chr4:39406796-39407320,P,KLB,0
ICR_255,chr4:41876102-41876861,P,LINC00682,2660
ICR_256^,chr4:48482621-48482980,,SLC10A4,363
ICR_257,chr4:49109121-49109481,,CWH43,47042
ICR_258,chr4:49166180-49166547,,SNX18P23,66368
ICR_259^,chr4:49177791-49178205,,SNX18P23,54710
ICR_260,chr4:49192403-49192770,,SNX18P23,40145
ICR_261,chr4:49229452-49230196,,SNX18P23,2719
ICR_262,chr4:49265753-49267308,,MTND3P22,18838
ICR_263,chr4:49270757-49270848,M,MTND3P22,23842
ICR_264,chr4:49298644-49298769,M**,MTND3P22,51729
ICR_265,chr4:49603848-49604494,,SNX18P25,14120
ICR_266,chr4:49642753-49643262,,SNX18P25,53025
ICR_267,chr4:54149372-54149720,,GSX2,46874
ICR_268,chr4:55158026-55158180,,KDR,32431
ICR_269,chr4:56592494-56592653,,THEGL|GLDCP1,0
ICR_270,chr4:62816669-62816883,,EXOC5P1,0
ICR_271^,chr4:73981863-73981993,,PF4,0
ICR_272,chr4:75886200-75886450,,PPEF2,0
ICR_273^,chr4:81153935-81154202,,PRKG2,0
ICR_274,chr4:82758740-82759068,P,SCD5,0
ICR_275^,chr4:88697244-88698085,M,HERC3|NAP1L5,0
ICR_276,chr4:91791367-91792040,,KRT19P6,93006
ICR_277^,chr4:104592591-104593731,,CXXC4,97624
ICR_278,chr4:121932565-121932847,M,TRPC3,0
ICR_279,chr4:127964172-127964235,,MFSD8,0
ICR_280,chr4:150809860-150809929,,LRBA,0
ICR_281,chr4:152009424-152009915,P,RNA5SP169,37811
ICR_282,chr4:154781727-154782004,M,RBM46,0
ICR_283,chr4:163331221-163331460,,NPY1R,0
ICR_284^,chr4:173608770-173608942,P,MORF4,6794
ICR_285^,chr4:182212369-182212795,,TENM3,0
ICR_286,chr4:182346897-182347310,,TENM3,0
ICR_287*^,chr4:184097251-184097401,M**,ENPP6,0
ICR_288,chr4:186189851-186190416,,FLJ38576,0
ICR_289^,chr4:189810877-189811009,M**,LINC01596,70506
ICR_290,chr4:190021742-190021948,,DUX4L9,0
ICR_291,chr4:190022092-190022198,,DUX4L9,0
ICR_292,chr4:190066841-190066973,M**,DBET,0
ICR_293,chr4:190085155-190085236,,DUX4L1,0
ICR_294,chr4:190085786-190085962,M**,DUX4L1,90
ICR_295,chr4:190089486-190089578,M,DUX4L3,497
ICR_296,chr4:190091776-190091849,,DUX4L2,0
ICR_297^,chr5:346459-346789,M,AHRR,0
ICR_298^,chr5:415358-415697,,AHRR,0
ICR_299,chr5:562044-562200,,MIR4456,26162
ICR_300,chr5:580390-580767,P,CEP72,31573
ICR_301,chr5:1245747-1245898,,SLC6A18,0
ICR_302,chr5:1295800-1295873,,TERT,732
ICR_303^,chr5:1725000-1725304,,MIR4277,16132
ICR_304^,chr5:3300821-3301257,,LINC01019,115895
ICR_305,chr5:3490977-3491228,,LINC01019,0
ICR_306^,chr5:8457195-8457623,,LINC02226,0
ICR_307,chr5:15096609-15096652,M**,LINC02149,94994
ICR_308^,chr5:28927612-28928264,,LSP1P3,299
ICR_309,chr5:33937276-33937320,,RXFP3,0
ICR_310^,chr5:37208980-37209149,,CPLANE1|OFD1P17,0
ICR_311,chr5:45869231-45870958,,HCN1,172851
ICR_312,chr5:45956331-45957172,,HCN1,259951
ICR_313,chr5:46090381-46091444,,HCN1,394001
ICR_314*^,chr5:54985354-54985551,M**,ESM1,0
ICR_315,chr5:55178062-55178152,M**,CDC20B,4885
ICR_316,chr5:61816262-61816407,,C5orf64,85265
ICR_317^,chr5:71851012-71851744,,CARTPT,129967
ICR_318,chr5:79070007-79070129,M**,BHMT2,0
ICR_319^,chr5:80650716-80650931,P,DHFR|MTRNR2L2,0
ICR_320^,chr5:93078599-93078980,,LINC02058,138813
ICR_321*^,chr5:93603307-93603843,M**,NR2F1,8694
ICR_322,chr5:98839610-98839686,,CSNK1A1P3,5702
ICR_323,chr5:101783627-101784015,M,OR7H2P,31868
ICR_324,chr5:110894251-110894443,M,BCLAF1P1,51830
ICR_325^,chr5:134927018-134927085,P,PCBD2|MTND4P12,0
ICR_326*^,chr5:136079156-136079563,M,TGFBI,15338
ICR_327^,chr5:136079902-136080957,M**,TGFBI,16084
ICR_328,chr5:140787699-140787751,M**,PCDHA1,0
ICR_329,chr5:140802885-140802957,,PCDHA1-3,0
ICR_330,chr5:140808752-140808810,,PCDHA1-4,0
ICR_331,chr5:140809262-140809383,,PCDHA1-4,0
ICR_332,chr5:140829825-140830061,M,PCDHA1-6,0
ICR_333,chr5:140857946-140858024,M**,PCDHA1-10,0
ICR_334,chr5:140877391-140877445,M**,PCDHA1-12,0
ICR_335,chr5:140877578-140877663,M**,PCDHA1-12,0
ICR_336,chr5:141242237-141242941,M**,PCDHB19P,0
ICR_337,chr5:141304191-141304290,,SLC25A2,142
ICR_338,chr5:141332572-141332739,,PCDHGA1,0
ICR_339,chr5:141339675-141339766,M**,PCDHGA1-2,0
ICR_340,chr5:141345713-141345776,M,PCDHGA1-3,0
ICR_341,chr5:141357041-141357110,M**,PCDHGA1-4,0
ICR_342,chr5:141375969-141376059,M**,PCDHGA1-6|PCDHGB1-3,0
ICR_343,chr5:141384677-141384771,,PCDHGA1-7|PCDHGB1-3,0
ICR_344,chr5:141441693-141441739,M**,PCDHGA1-12|PCDHGB1-7|PCDHGB9P,0
ICR_345^,chr5:148320801-148320873,,SPINK9,2346
ICR_346,chr5:156850521-156850587,,PPP1R2B,0
ICR_347*^,chr5:157690422-157690546,,SOX30P1,0
ICR_348,chr5:157690810-157691003,M**,SOX30P1,0
ICR_349,chr5:158737352-158737526,M,EBF1,0
ICR_350,chr5:169636668-169636916,M**,DOCK2,331
ICR_351^,chr5:170252002-170253184,,C5orf58|LCP2,0
ICR_352,chr5:171319025-171319892,P,TLX3,6886
ICR_353,chr5:172602845-172603197,P,NEURL1B,38066
ICR_354*^,chr5:172669973-172670257,,NEURL1B,0
ICR_355*^,chr5:174307035-174307309,,LINC01411,29045
ICR_356^,chr5:174728525-174729356,,MSX2,0
ICR_357*^,chr5:176533712-176534104,P**,RNF44,0
ICR_358,chr5:176785238-176785536,P,UNC5A,25023
ICR_359,chr5:176847082-176847171,M**,UNC5A,0
ICR_360^,chr5:179167525-179167654,M,ADAMTS2,0
ICR_361*^,chr5:180313866-180314305,M**,GFPT2,0
ICR_362,chr5:181070516-181070836,,RPL13P10,4836
ICR_363,chr5:181165042-181165201,M**,OR2V2,9152
ICR_364,chr5:181195548-181195743,,TRIM7,0
ICR_365^,chr6:2902061-2902302,,SERPINB9,0
ICR_366*^#,chr6:3848794-3850307,M,FAM50B,0
ICR_367^,chr6:10099407-10099822,,OFCC1,0
ICR_368^,chr6:10719974-10720222,,TMEM14C,2693
ICR_369,chr6:13743286-13743421,,RANBP9,31451
ICR_370,chr6:17580224-17580357,,SUMO2P13,1677
ICR_371,chr6:18019754-18019871,,KIF13A,32119
ICR_372*^,chr6:27050175-27050547,,VN1R13P,9823
ICR_373,chr6:27556793-27556990,,CD83P1,3641
ICR_374,chr6:27653092-27653518,,RPL8P1,359
ICR_375,chr6:27678994-27679178,,LINC01012,14857
ICR_376,chr6:27827550-27827724,M,H4C11,3070
ICR_377,chr6:28215873-28216059,P**,TOB2P1,0
ICR_378^,chr6:28633523-28634104,,LINC00533,14182
ICR_379^,chr6:28695689-28695979,,RPSAP2,35960
ICR_380,chr6:28742326-28742467,M,RPSAP2,9352
ICR_381*^,chr6:28984825-28984972,,HCG15,0
ICR_382*^,chr6:29014836-29015081,,ZNF311,9168
ICR_383,chr6:29681034-29681124,,ZFP57,0
ICR_384,chr6:30452078-30452687,,TMPOP1,13538
ICR_385^,chr6:30781799-30782146,P,HCG20,0
ICR_386^,chr6:30914814-30915097,,VARS2,0
ICR_387,chr6:31971329-31971620,M**,DXO|STK19,0
ICR_388^,chr6:32131303-32131374,,FKBPL,1015
ICR_389,chr6:32761693-32761864,,MIR3135B,11714
ICR_390*^,chr6:32885680-32886046,,PPP1R2P1,5606
ICR_391^,chr6:33697197-33697381,P**,UQCC2,0
ICR_392*,chr6:35786951-35787246,M**,CLPSL1,0
ICR_393^,chr6:39367315-39368095,P,KIF6,0
ICR_394^,chr6:41627093-41627387,P,MDFI,9631
ICR_395^,chr6:42727577-42727793,,ATP6V0CP3,0
ICR_396,chr6:57810795-57811153,,GUSBP4,97400
ICR_397*^,chr6:77368678-77369083,,HTR1B,91841
ICR_398,chr6:99823198-99823660,,MCHR2,94859
ICR_399^,chr6:104885426-104885717,,HACE1,25507
ICR_400*^,chr6:111662711-111663342,,FYN,0
ICR_401,chr6:112366898-112367109,,FEM1AP3,0
ICR_402,chr6:112367498-112367712,,FEM1AP3,231
ICR_403^,chr6:129172756-129173045,,LAMA2,0
ICR_404^#,chr6:144006941-144008825,M,PLAGL1|HYMAI,0
ICR_405,chr6:144186986-144187105,,STX11,0
ICR_406^,chr6:146803701-146803860,,ADGB|KATNBL1P6,0
ICR_407,chr6:149986298-149986661,P,BTF3P10,7609
ICR_408^,chr6:154359181-154360192,,IPCEF1,2415
ICR_409,chr6:160005401-160005610,M,IGF2R|AIRN,0
ICR_410^,chr6:160006184-160006584,M,IGF2R|AIRN,0
ICR_411^,chr6:163355423-163355849,,RPL37AP4,7349
ICR_412,chr6:166758163-166758556,,RPS6KA2,0
ICR_413,chr6:167196311-167197315,,TCP10L2,0
ICR_414^,chr6:167341434-167342866,P,TTLL2,0
ICR_415^,chr6:167349763-167350130,,TTLL2,7053
ICR_416^,chr6:167667943-167668201,P,LINC02538,0
ICR_417^,chr6:168035599-168035887,,KIF25,0
ICR_418*,chr6:168417326-168417653,P,SMOC2,23500
ICR_419,chr6:168638540-168638869,,SMOC2,0
ICR_420*^,chr6:169421049-169421128,P,WDR27,5292
ICR_421*^,chr6:169654761-169654900,,WDR27,0
ICR_422^,chr6:170286029-170286332,,DLL1,0
ICR_423*^,chr6:170423032-170423404,,FAM120B,15284
ICR_424*^,chr7:31403-31557,M**,FOXL3,258613
ICR_425,chr7:291320-291450,,FOXL3,0
ICR_426^,chr7:343522-343641,P,FOXL3,52034
ICR_427^,chr7:360518-360693,P,FOXL3,69030
ICR_428,chr7:421345-421408,,PDGFA,75837
ICR_429,chr7:1041228-1041314,,C7orf50,0
ICR_430^,chr7:1159057-1159224,,ZFAND2A,0
ICR_431^,chr7:1592600-1592972,,TFAMP1,21498
ICR_432,chr7:1663342-1663514,M,ELFN1,2561
ICR_433,chr7:1854262-1854393,,MAD1L1,0
ICR_434*^,chr7:2019844-2020175,,MAD1L1,0
ICR_435^,chr7:2665066-2665200,M**,TTYH3,264
ICR_436*^,chr7:3089399-3089604,P,CARD11,45532
ICR_437^,chr7:4101908-4102617,,SDK1,0
ICR_438*^,chr7:4739360-4739913,,FOXK1,0
ICR_439*^,chr7:5144439-5144757,M,ZNF890P,0
ICR_440^,chr7:16464182-16464644,,SOSTDC1,0
ICR_441,chr7:19194875-19195144,,FERD3L,49454
ICR_442^,chr7:22821364-22821611,,TOMM7,0
ICR_443^,chr7:23490490-23491453,M,RPS2P32,0
ICR_444,chr7:25866370-25866563,,MIR148A,83356
ICR_445^,chr7:26593585-26593990,,LINC02860,43881
ICR_446*^,chr7:28529301-28530933,,CREB5,0
ICR_447,chr7:32763314-32763459,,LINC00997,390
ICR_448^,chr7:32905942-32906069,,RP9P,10746
ICR_449,chr7:34905972-34906557,,DPY19L1,22324
ICR_450,chr7:39834493-39834768,M,SSBP3P1,0
ICR_451^,chr7:41990814-41991507,P,GLI3,0
ICR_452^,chr7:45564015-45564354,P,ADCY1,9786
ICR_453^,chr7:47576623-47576932,P,TNS3,0
ICR_454*^#,chr7:50781638-50783354,M,GRB10,0
ICR_455,chr7:55005217-55005455,,EGFR,13562
ICR_456^,chr7:55774811-55775090,,PSPHP1,1128
ICR_457,chr7:56508815-56510506,P**,NMD3P2,5778
ICR_458,chr7:56605244-56605356,,TRIM60P16,26380
ICR_459,chr7:57325717-57326749,,MIR3147,78276
ICR_460,chr7:57424516-57424553,M**,SAPCD2P2,0
ICR_461,chr7:58074538-58076031,,BSNDP4,435426
ICR_462,chr7:60945007-60945409,,VN1R34P,1.00E+08
ICR_463,chr7:61084697-61086368,,VN1R34P,1.00E+08
ICR_464,chr7:62276176-62276296,,VN1R34P,1.00E+08
ICR_465,chr7:62379353-62379440,,VN1R34P,1.00E+08
ICR_466,chr7:62379749-62379858,,VN1R34P,1.00E+08
ICR_467,chr7:63931261-63931288,,SLC25A1P3,0
ICR_468^,chr7:67772905-67773321,P,MTCO3P41,144556
ICR_469,chr7:69233760-69233973,P,MTCO2P25,96725
ICR_470^,chr7:73330191-73330782,,FKBP6,0
ICR_471^,chr7:73345069-73346101,P**,FKBP6,0
ICR_472,chr7:76047075-76047217,M**,STYXL1,0
ICR_473^,chr7:76150206-76150703,,GTF2IP7,41444
ICR_474*^,chr7:76499727-76499956,M,DTX2,0
ICR_475*^,chr7:94656360-94658647,M,PEG10,0
ICR_476,chr7:100482861-100482979,,NYAP1,948
ICR_477*^,chr7:102441702-102441973,,ORAI2,0
ICR_478^,chr7:103146271-103147608,,NAPEPLD,0
ICR_479,chr7:108003883-108003977,M**,LAMB1,707
ICR_480^,chr7:127587705-127587806,,ARF5,605
ICR_481*^#,chr7:130490640-130494200,M,MEST|MESTIT1,0
ICR_482^,chr7:132436227-132436368,P**,PLXNA4,0
ICR_483^,chr7:137753320-137753978,P**,DGKI,0
ICR_484^,chr7:138664218-138664771,,SVOPL,0
ICR_485,chr7:143511187-143511662,,OR10AC1,0
ICR_486^,chr7:149191062-149191272,,ZNF282,4223
ICR_487^,chr7:150111840-150112171,M,ACTR3C,0
ICR_488,chr7:152553885-152553929,M**,RPS20P19,36622
ICR_489,chr7:152910856-152911190,P,ACTR3B,0
ICR_490*^,chr7:154892532-154892702,M,DPP6,0
ICR_491,chr7:155071148-155071376,M,HTR5A,0
ICR_492,chr7:155383638-155384080,P,BLACE,15705
ICR_493,chr7:155796475-155796717,,SHH,3263
ICR_494,chr7:156942573-156942686,,NOM1,7026
ICR_495^,chr7:156948793-156948844,,NOM1,868
ICR_496^,chr7:157613781-157614069,,PTPRN2,0
ICR_497,chr7:158164299-158164379,,PTPRN2,0
ICR_498*^,chr7:158973581-158973792,,WDR60,14886
ICR_499^,chr7:158996856-158997515,,LINC00689,10839
ICR_500,chr7:159112595-159112828,M,VIPR2,0
ICR_501,chr8:266760-266871,,ZNF596,19420
ICR_502,chr8:828261-828821,,DLGAP2,0
ICR_503,chr8:882678-883012,M,DLGAP2,0
ICR_504*^,chr8:947055-947158,,DLGAP2,0
ICR_505^,chr8:1373020-1373561,M,DLGAP2,0
ICR_506*^,chr8:1548800-1548981,M,DLGAP2,0
ICR_507,chr8:1816612-1816668,,MIR596,563
ICR_508^,chr8:2727637-2727760,M,CSMD1,207593
ICR_509,chr8:6835991-6836189,,XKR5,467
ICR_510,chr8:8703090-8703190,M,CLDN23,0
ICR_511*^,chr8:10726381-10726606,,SOX7,0
ICR_512,chr8:12537464-12537632,,ENPP7P6,26186
ICR_513,chr8:16944318-16944618,P**,FGF20,47563
ICR_514,chr8:17248325-17248464,,VPS37A,0
ICR_515,chr8:22118860-22119045,P,HR,0
ICR_516,chr8:22696910-22697886,P,EGR3,3430
ICR_517,chr8:27451272-27451531,P**,PTK2B,0
ICR_518*^,chr8:27472461-27472768,P,CHRNA2,0
ICR_519,chr8:27592886-27593135,,EPHX2,0
ICR_520^,chr8:29401757-29402242,,DUSP4,51073
ICR_521*^,chr8:30913081-30913176,,TEX15,73
ICR_522^,chr8:37699369-37699633,M,ZNF703,0
ICR_523^,chr8:37747687-37748265,M,ERLIN2,0
ICR_524,chr8:38383668-38383854,,LETM2,0
ICR_525,chr8:43489686-43491049,,SNX18P27,22594
ICR_526,chr8:43815675-43816549,,CYP4F44P,274748
ICR_527,chr8:46918223-46918380,M**,MAPK6P4,52948
ICR_528^,chr8:47763160-47763510,,PRKDC,9601
ICR_529,chr8:53712396-53712494,,ATP6V1H,3049
ICR_530,chr8:54469228-54469434,,SOX17,8336
ICR_531^,chr8:56117670-56117858,,MOS,3688
ICR_532,chr8:57142945-57143502,,RNA5SP266,16183
ICR_533,chr8:57280020-57280373,P**,LINC00588,0
ICR_534*^,chr8:60713942-60714366,M,CHD7,0
ICR_535^,chr8:65166236-65166399,,LINC00251,0
ICR_536^,chr8:69690060-69690369,,SLCO5A1,0
ICR_537^,chr8:72074820-72075145,,TRPA1,0
ICR_538*^,chr8:92627659-92628162,,FLJ46284,84800
ICR_539*^,chr8:94119578-94120523,M,CDH17,6639
ICR_540^,chr8:101108707-101109141,,RN7SKP249,28818
ICR_541*^,chr8:101277219-101278202,P,LINC02844,14243
ICR_542*^,chr8:102528555-102528786,P,ODF1,22803
ICR_543^,chr8:104367348-104367629,,DCSTAMP,10474
ICR_544^,chr8:108139804-108140486,,AURKBP1,7621
ICR_545,chr8:110202766-110202966,,RPSAP48,96802
ICR_546^,chr8:122721576-122721969,P**,LINC01151,27470
ICR_547*^,chr8:135457371-135457395,M**,KHDRBS3,61
ICR_548*^,chr8:140098048-140100981,M,TRAPPC9|PEG13,0
ICR_549,chr8:140349279-140349564,M,TRAPPC9,0
ICR_550,chr8:141723822-141724064,P,MROH5,216592
ICR_551*^,chr8:142700449-142700581,,LY6K,0
ICR_552*^,chr8:143276904-143277146,M**,GLI4,0
ICR_553,chr8:143399766-143399977,P,RHPN1,15545
ICR_554,chr8:143420516-143420723,,MAFA,7341
ICR_555^,chr8:143728031-143728348,M,FAM83H,0
ICR_556,chr8:143772211-143772259,,IQANK1,0
ICR_557*^,chr8:143934133-143934333,P**,PLEC,0
ICR_558^,chr8:144429035-144429244,,TONSL,0
ICR_559^,chr9:9557059-9558061,,PTPRD,0
ICR_560^,chr9:20658358-20658783,,FOCAD,0
ICR_561^,chr9:21997429-22000964,P,CDKN2B,1939
ICR_562*^,chr9:35036051-35036291,M,C9orf131,4804
ICR_563,chr9:37800197-37800386,M,DCAF10,168
ICR_564,chr9:38487573-38487989,M,TCEA1P3,8029
ICR_565,chr9:38526772-38526937,,FAM220BP,0
ICR_566,chr9:40106359-40106534,,C2orf27AP3,15424
ICR_567,chr9:40584159-40584282,,AQP7P5,85135
ICR_568,chr9:40584494-40584535,,AQP7P5,85470
ICR_569,chr9:41237465-41237605,,RNA5SP530,0
ICR_570,chr9:41267302-41267410,M,PTGER4P1,12049
ICR_571,chr9:41273436-41273534,,PTGER4P1,5925
ICR_572,chr9:42725366-42725715,,CNTNAP3P7,27028
ICR_573,chr9:43310884-43310973,,GXYLT1P5,334643
ICR_574,chr9:43312148-43312374,,GXYLT1P5,335907
ICR_575,chr9:61634706-61634830,,RN7SL722P,154313
ICR_576^,chr9:62830466-62830683,,PTGER4P2,13106
ICR_577,chr9:62833773-62833859,,PTGER4P2,9930
ICR_578,chr9:62844696-62844981,M,CDK2AP2P2,0
ICR_579,chr9:62915277-62915432,,CNTNAP3P1,9478
ICR_580,chr9:63703993-63704066,,MYO5BP3,57279
ICR_581,chr9:63705422-63705648,,MYO5BP3,55697
ICR_582,chr9:63758459-63759888,,MYO5BP3,1457
ICR_583,chr9:63781885-63782006,,PTGER4P3,5608
ICR_584,chr9:63783945-63784110,,PTGER4P3,7668
ICR_585*,chr9:63784657-63784765,,PTGER4P3,8380
ICR_586,chr9:63816391-63816562,M**,LINC00537,0
ICR_587^,chr9:63816764-63816827,,LINC00537,0
ICR_588,chr9:63871753-63873362,,FRG1JP,12119
ICR_589,chr9:63874323-63875499,,FRG1JP,14689
ICR_590,chr9:64015992-64016150,,FLJ43315,800
ICR_591,chr9:64072047-64072115,,SOWAHCP4,1821
ICR_592,chr9:65385432-65385641,,CBWD4P,64150
ICR_593,chr9:65566060-65566418,,CBWD5,99956
ICR_594,chr9:66198551-66198816,,MEP1AP3,9455
ICR_595,chr9:66266929-66267052,,MEP1AP3,77833
ICR_596,chr9:66270138-66270217,,MEP1AP3,81042
ICR_597,chr9:67720383-67720553,,FAM27E3,1204
ICR_598^,chr9:84272060-84272363,M,SLC28A3,760
ICR_599^,chr9:85077205-85077528,,NTRK2,50135
ICR_600,chr9:87944657-87944766,M,SPATA31C1,21000
ICR_601^,chr9:89282235-89282503,M,CKS2,28692
ICR_602,chr9:89859835-89860135,P**,UNQ6494,140076
ICR_603^,chr9:95313103-95313511,M,FANCC,0
ICR_604*^,chr9:96177087-96177730,P,EIF4BP3,29122
ICR_605,chr9:105519837-105519944,M**,FSD1L|RALGAPA1P1,0
ICR_606*^,chr9:107738565-107738693,,RN7SL659P,72923
ICR_607^,chr9:110172756-110173053,,PALM2AKAP2,244
ICR_608,chr9:113062954-113063358,,ZFP37,6230
ICR_609*^,chr9:117642714-117642890,M,RPL35AP22,42368
ICR_610*,chr9:120843544-120843654,M**,CUTALP,0
ICR_611^,chr9:121305691-121305944,,GSN,0
ICR_612,chr9:123356551-123356966,,CRB2,0
ICR_613,chr9:124453066-124453097,,ADGRD2,0
ICR_614,chr9:126206071-126206408,,MVB12B,120421
ICR_615^,chr9:127897741-127897833,,ST6GALNAC6,0
ICR_616^,chr9:128415922-128416668,P,CERCAM,0
ICR_617,chr9:130327055-130327332,P,HMCN2,0
ICR_618^,chr9:131681863-131682453,,RAPGEF1,0
ICR_619*^,chr9:133656561-133656899,,DBH,0
ICR_620^,chr9:134626633-134626781,P,COL5A1,15008
ICR_621^,chr9:134800924-134801207,,COL5A1,0
ICR_622*^,chr9:135253830-135253970,,C9orf62,89279
ICR_623,chr9:135605044-135605311,P,PAEPP1,13151
ICR_624,chr9:135718080-135718453,,KCNT1,0
ICR_625^,chr9:136656981-136657090,P,HSPC324|EGFL7,0
ICR_626,chr9:137145779-137145957,P,GRIN1,0
ICR_627^,chr9:137306698-137307023,P,EXD3,0
ICR_628,chr9:137388287-137388459,,EXD3,0
ICR_629,chr9:138220832-138220984,,FAM157B,0
ICR_630*^,chr10:789268-789465,P,LARP4B,17449
ICR_631*^,chr10:1297781-1298190,P**,ADARB2,0
ICR_632,chr10:1363307-1363351,,ADARB2,0
ICR_633^,chr10:5645451-5645631,P,ASB13,0
ICR_634,chr10:6891176-6891381,,LINC00707,48270
ICR_635^,chr10:7438568-7438955,P**,LINC02642,26679
ICR_636^,chr10:7533053-7533508,,ITIH5,25762
ICR_637^,chr10:8296350-8296684,,LINC00708,28045
ICR_638^,chr10:13158505-13158697,,BTBD7P1,262
ICR_639^,chr10:14588077-14588478,,FAM107B,0
ICR_640^,chr10:18261294-18261435,M,CACNB2,0
ICR_641^,chr10:24519852-24520359,M,KIAA1217,0
ICR_642^,chr10:26946192-26946511,,ANKRD26,0
ICR_643*^,chr10:27413523-27414477,M,PTCHD3,0
ICR_644^,chr10:28326170-28327001,P,ZNF101P1,12276
ICR_645^,chr10:30431646-30431844,,MAP3K8,2177
ICR_646,chr10:38727852-38728509,,CHEK2P5,8470
ICR_647,chr10:38786641-38786908,,CHEK2P5,67259
ICR_648,chr10:38942427-38942486,,CHEK2P5,223045
ICR_649,chr10:38942778-38942877,,CHEK2P5,223396
ICR_650,chr10:42118216-42121531,,KSR1P1,27788
ICR_651,chr10:42149862-42149921,,KSR1P1,131
ICR_652,chr10:42151841-42153075,,KSR1P1,2110
ICR_653,chr10:42241615-42241757,,PABPC1P8,37772
ICR_654^,chr10:43078143-43078252,,RET,0
ICR_655,chr10:43689371-43689485,,ZNF32,40490
ICR_656^,chr10:43910440-43910803,,LINC02659|LINC00841,0
ICR_657*^,chr10:45249637-45250053,,CUBNP2,2323
ICR_658,chr10:45600493-45600614,,MARCHF8,5587
ICR_659,chr10:61867420-61867672,M**,LINC02625,0
ICR_660*^,chr10:61867799-61868187,,LINC02625,0
ICR_661^,chr10:64924402-64924675,,LINC02671,0
ICR_662,chr10:66927121-66927439,P**,CTNNA3|LRRTM3,0
ICR_663^,chr10:68526085-68526595,,SLC25A16,0
ICR_664^,chr10:71266448-71266685,P,UNC5B,0
ICR_665^,chr10:71279400-71279528,P,UNC5B,0
ICR_666^,chr10:78356394-78357287,P,LINC00595,76181
ICR_667^,chr10:80136121-80136538,P,PLAC9,0
ICR_668,chr10:86388993-86389094,,GRID1,22198
ICR_669*^,chr10:91745083-91745329,,FAF2P1,20373
ICR_670,chr10:92592233-92592408,,KIF11,722
ICR_671,chr10:93065339-93065536,,CYP26C1,0
ICR_672*,chr10:95230515-95230706,,ACSM6,1586
ICR_673,chr10:97578444-97578664,M**,ANKRD2,0
ICR_674^,chr10:97974158-97974573,M,CRTAC1,0
ICR_675,chr10:100669022-100669173,P,PAX2,66223
ICR_676,chr10:102409678-102409976,M**,PSD,0
ICR_677,chr10:102433070-102433216,M**,CUEDC2,496
ICR_678,chr10:103585098-103585172,P**,NEURL1,0
ICR_679,chr10:104275410-104275792,M,GSTO2,0
ICR_680*^,chr10:116809589-116809702,,HSPA12A,0
ICR_681*^,chr10:119817943-119819030,M,INPP5F,0
ICR_682^,chr10:124589490-124589769,,LHPP,0
ICR_683*,chr10:125370442-125370643,,RPS27P18,103036
ICR_684,chr10:125773898-125774247,,MMP21,0
ICR_685^,chr10:125896694-125896736,,FANK1,0
ICR_686*^,chr10:126882020-126882047,P,DOCK1,23362
ICR_687^,chr10:127911380-127911781,P,PTPRE,0
ICR_688,chr10:129833441-129834121,P**,EBF3,1112
ICR_689^,chr10:130301062-130301272,M,LINC02646,0
ICR_690,chr10:131884686-131885233,,PPP2R2D,15701
ICR_691,chr10:132044138-132044430,P**,JAKMIP3,0
ICR_692^,chr10:132965246-132965501,,LINC01166,0
ICR_693,chr10:133099321-133099567,P,ADGRA1,0
ICR_694,chr10:133246176-133246423,P,MIR202HG,56
ICR_695,chr10:133569810-133570081,,SPRNP1,0
ICR_696,chr10:133622471-133622653,,FRG2B,1242
ICR_697,chr10:133655010-133656362,,CLUHP5,3917
ICR_698,chr10:133666076-133666119,,DUX4L28,970
ICR_699,chr10:133675112-133675277,,DUX4L23,0
ICR_700,chr10:133682103-133682144,,DUX4L21,210
ICR_701,chr10:133685048-133685212,,DUX4L20,0
ICR_702,chr10:133689257-133690164,,DUX4L20,4065
ICR_703,chr10:133740759-133740834,M,DUX4L29,0
ICR_704,chr10:133743836-133743911,,DUX4L10,0
ICR_705,chr10:133749234-133749385,,DUX4L12,564
ICR_706,chr10:133750697-133750793,,DUX4L12,0
ICR_707^,chr11:369961-370051,,B4GALNT4,0
ICR_708*^,chr11:396655-396870,P,PKP3,0
ICR_709*^,chr11:397385-397461,P,PKP3,0
ICR_710^,chr11:400577-400771,,PKP3,0
ICR_711,chr11:420604-420662,M,ANO9,0
ICR_712,chr11:424776-424992,,ANO9,0
ICR_713,chr11:425254-425347,,ANO9,0
ICR_714^,chr11:859644-859722,,TSPAN4,0
ICR_715*,chr11:1453511-1453601,,BRSK2,0
ICR_716*^#,chr11:1997886-1999417,P,MRPL23|H19,0
ICR_717*^#,chr11:1999793-2000383,P,MRPL23|H19,0
ICR_718*^#,chr11:2000487-2001247,P,MRPL23|H19,0
ICR_719*^#,chr11:2001655-2003118,P,MRPL23,0
ICR_720*^#,chr11:2698157-2699485,M,KCNQ1|KCNQ1OT1,0
ICR_721*^#,chr11:2699814-2701210,M,KCNQ1|KCNQ1OT1,0
ICR_722,chr11:2870172-2870432,,KCNQ1DN,0
ICR_723,chr11:3513882-3514062,M**,SNRPCP5,17323
ICR_724*^,chr11:7088963-7089048,M,NLRP14|RBMXL2,0
ICR_725,chr11:8262180-8262286,M**,LMO1,0
ICR_726^,chr11:14259048-14259382,M,SPON1,0
ICR_727,chr11:15651003-15651264,,LINC02751,46834
ICR_728^,chr11:18107798-18107979,M**,HIGD1AP5,757
ICR_729*^,chr11:18455848-18455995,,LDHAL6A,0
ICR_730,chr11:44328419-44329478,P,ALX4,18280
ICR_731,chr11:49050003-49050137,,TRIM64C,3577
ICR_732,chr11:49851833-49852120,M**,TRIM51FP,12503
ICR_733,chr11:55580528-55582100,,OR4C16,7468
ICR_734,chr11:58963346-58963429,,GLYATL1,6272
ICR_735,chr11:59063032-59063174,,GLYATL1P4,11013
ICR_736^,chr11:60907137-60907586,M**,PRPF19,552
ICR_737*^,chr11:62371153-62371400,M,ASRGL1,0
ICR_738^,chr11:64714283-64714884,,NRXN2,0
ICR_739,chr11:67607613-67607749,,NDUFV1,0
ICR_740*^,chr11:68755017-68755448,,CPT1A,0
ICR_741^,chr11:77040373-77040529,M**,B3GNT6,0
ICR_742^,chr11:77588835-77589141,M**,AQP11,494
ICR_743,chr11:78196833-78196990,M**,USP35,0
ICR_744*^,chr11:96341424-96341836,,MAML2|MIR1260B,0
ICR_745,chr11:96410805-96411284,P**,JRKL,17244
ICR_746*^,chr11:102808050-102808297,,WTAPP1|CSNK1A1P2,0
ICR_747*^,chr11:110209077-110209353,,RDX,0
ICR_748,chr11:116459010-116459314,,LINC02702,180108
ICR_749,chr11:118721380-118721604,,DDX6,26159
ICR_750*^,chr11:119475095-119475642,P**,DUXAP5,29541
ICR_751*^,chr11:119942219-119942412,P,LINC02744,45533
ICR_752*^,chr11:119982974-119983610,P,LINC02744,4335
ICR_753*^,chr11:122556794-122557198,M**,GLULP3,56128
ICR_754*^,chr11:128451854-128452036,,ETS1,6725
ICR_755^,chr11:132792676-132793068,M,OPCML,0
ICR_756,chr11:133081840-133082221,M,OPCML,0
ICR_757,chr11:133222318-133222823,P,OPCML,0
ICR_758^,chr11:134466582-134466996,,B3GAT1,54340
ICR_759^,chr11:134851895-134852132,,LINC02714,88084
ICR_760*^,chr12:199250-199841,,SLC6A12,0
ICR_761*^,chr12:3420937-3421557,,PRMT8,0
ICR_762^,chr12:7639803-7640300,,APOBEC1,9100
ICR_763^,chr12:8227098-8227983,,FAM90A1|ALG1L10P,0
ICR_764,chr12:9943209-9943571,,LINC02470,0
ICR_765,chr12:24562721-24562763,,SOX5,20
ICR_766^,chr12:31119107-31120320,M**,OVOS2,0
ICR_767,chr12:31120459-31120874,M,OVOS2,0
ICR_768,chr12:34331950-34332139,,AK6P1,81685
ICR_769^,chr12:34336036-34336101,,AK6P1,85771
ICR_770,chr12:34342777-34342848,,AK6P1,92512
ICR_771^,chr12:34346704-34346757,M**,AK6P1,96439
ICR_772,chr12:34353479-34353547,,AK6P1,103214
ICR_773,chr12:34354541-34354645,M**,AK6P1,104276
ICR_774,chr12:34374083-34374112,,AK6P1,123818
ICR_775,chr12:34602003-34602191,,AK6P1,351738
ICR_776,chr12:37323065-37323465,,ZNF970P,251878
ICR_777,chr12:37568772-37569243,,ZNF970P,6100
ICR_778*^,chr12:38053778-38053848,,AK6P2,24331
ICR_779,chr12:49543394-49543481,P,KCNH3,0
ICR_780,chr12:51888213-51888322,,ANKRD33,0
ICR_781^,chr12:52193633-52194445,,KRT80,1619
ICR_782,chr12:52321080-52321266,M,KRT83,0
ICR_783,chr12:54133068-54133783,P**,SMUG1,0
ICR_784*^,chr12:55996580-55996638,M,RAB5B|SUOX,0
ICR_785,chr12:67719459-67719604,,LINC02421,0
ICR_786^,chr12:76319989-76320071,,RN7SKP172,3941
ICR_787^,chr12:79710741-79711075,,PAWR,19644
ICR_788*,chr12:80513006-80513314,,PTPRQ,0
ICR_789^,chr12:92503489-92504056,P,LINC02397,19542
ICR_790^,chr12:93894577-93894889,,CRADD,0
ICR_791^,chr12:94261976-94262639,,PLXNC1,0
ICR_792^,chr12:104506679-104507259,P**,CHST11,0
ICR_793*,chr12:108768488-108768569,,CORO1C,8533
ICR_794^,chr12:110247427-110248050,,IFT81,28634
ICR_795,chr12:110501049-110501164,M,VPS29,0
ICR_796,chr12:111037275-111037366,M**,CUX2,0
ICR_797^,chr12:113766062-113766194,,LINC01234,0
ICR_798,chr12:118106392-118106759,,VSIG10,1990
ICR_799^,chr12:124259431-124259804,P,RFLNA,29360
ICR_800*^,chr12:124369462-124369821,,NCOR2,0
ICR_801^,chr12:124423210-124423379,P**,NCOR2,0
ICR_802^,chr12:124759333-124759536,P,SCARB1,17320
ICR_803^,chr12:125314148-125314524,,TMEM132B,0
ICR_804^,chr12:130337933-130338027,,PIWIL1,0
ICR_805^,chr12:130686671-130687021,,RIMBP2,0
ICR_806^,chr12:131928302-131928452,M**,PUS1,816
ICR_807*,chr12:132436944-132437228,P,MUC8,34343
ICR_808,chr12:132514078-132514147,P**,FBRSL1,0
ICR_809,chr12:132603392-132603498,M,LRCOL1,0
ICR_810,chr13:16211038-16211596,,TERF1P5,1.00E+08
ICR_811,chr13:18662579-18665131,,FEM1AP4,0
ICR_812,chr13:19382308-19382395,,PARP4P2|CCNQP3,0
ICR_813,chr13:20129221-20129276,,GJA3,8976
ICR_814,chr13:20142811-20142911,M,GJA3,0
ICR_815,chr13:20394546-20394785,,CRYL1,8882
ICR_816,chr13:20415400-20415596,,CRYL1,0
ICR_817*,chr13:20436022-20436118,,CRYL1,0
ICR_818*^,chr13:21242471-21243094,P,LINC01046,7267
ICR_819*,chr13:22735653-22735791,M**,DDX39AP1,29441
ICR_820,chr13:22736379-22736701,,DDX39AP1,30167
ICR_821,chr13:23945647-23946368,M**,ANKRD20A19P,0
ICR_822,chr13:24637783-24637864,,TPTE2P6,40107
ICR_823^,chr13:26187178-26187354,,RNF6,0
ICR_824,chr13:46437983-46438129,,PPP1R2P4,0
ICR_825,chr13:48317373-48317679,M,RB1|PPP1R26P1,0
ICR_826#,chr13:48317894-48321417,M,RB1|PPP1R26P1,0
ICR_827*^,chr13:60267612-60268519,M,LINC00434,0
ICR_828*^,chr13:80140976-80141757,,LINC01080,114313
ICR_829^,chr13:80654682-80655272,M,PWWP2AP1,125
ICR_830^,chr13:98977628-98977816,,DOCK9,0
ICR_831^,chr13:100521893-100522472,,PCCA,0
ICR_832^,chr13:106490937-106491301,,EFNB2,0
ICR_833*^,chr13:109869774-109870166,M**,RN7SKP10,44930
ICR_834,chr13:110813152-110813255,M**,LINC00567,68
ICR_835,chr13:110813578-110813640,M,LINC00567,494
ICR_836,chr13:111411595-111411773,M,TEX29,67347
ICR_837^,chr13:113050720-113050828,,MCF2L,0
ICR_838^,chr13:113729641-113730537,P,GRK1,0
ICR_839*,chr13:113802775-113802965,,TMEM255B,0
ICR_840,chr13:113937749-113938169,P**,LINC00565,8758
ICR_841,chr13:114198821-114199079,,CFAP97D2,0
ICR_842,chr13:114199531-114199617,M**,CFAP97D2,0
ICR_843*,chr13:114199984-114200221,M**,CFAP97D2,0
ICR_844,chr14:18561725-18562488,M**,OR11H12,38629
ICR_845,chr14:19729937-19732258,,OR11K2P,1087
ICR_846^,chr14:20624009-20624207,M**,RPS26P9,7018
ICR_847*^,chr14:20660009-20660687,,OR6S1,18318
ICR_848,chr14:23048045-23048114,M**,CDH24,0
ICR_849*^,chr14:24331724-24331907,,ADCY4,0
ICR_850^,chr14:24335544-24336183,P**,RIPK3,0
ICR_851*^,chr14:30690552-30690699,,SCFD1,0
ICR_852^,chr14:32484787-32484965,,AKAP6|MTCO1P2,0
ICR_853,chr14:33799786-33799948,M,NPAS3,0
ICR_854,chr14:35825391-35825732,M,BRMS1L,0
ICR_855,chr14:53976837-53976954,M**,ATP5F1CP1,13977
ICR_856^,chr14:54804852-54805123,,SAMD4A,11537
ICR_857^,chr14:59965739-59965861,,LRRC9,0
ICR_858,chr14:70360209-70360280,,COX16,526
ICR_859^,chr14:74265554-74265792,P,VSX2,2816
ICR_860*^,chr14:75429703-75430673,,JDP2,0
ICR_861,chr14:90525537-90525570,,TTC7B,0
ICR_862^,chr14:93036164-93036693,,ITPK1,0
ICR_863,chr14:95714543-95714740,,TCL1A,388
ICR_864,chr14:96392817-96392937,M**,AK7,0
ICR_865,chr14:96423656-96423802,,AK7|PEBP1P1,0
ICR_866^,chr14:96588928-96589205,P,PAPOLA,21812
ICR_867^,chr14:98831018-98831612,,C14orf177,113252
ICR_868^,chr14:98913707-98914385,,RPL3P4,58438
ICR_869^,chr14:100714137-100714444,P,DLK1,12421
ICR_870,chr14:100810233-100810638,,MIR2392,3853
ICR_871^,chr14:100810929-100811087,P,MIR2392,3404
ICR_872^,chr14:100824152-100824410,,MEG3,1698
ICR_873*^#,chr14:100824556-100828242,S,MEG3,0
ICR_874,chr14:103928394-103928494,,TDRD9,0
ICR_875*^,chr14:104171069-104171501,M,KIF26A,0
ICR_876^,chr14:104461608-104461664,,CEND1P1,9774
ICR_877,chr14:104473963-104474087,,CEND1P1,22129
ICR_878^,chr14:105060530-105060974,P,GPR132,0
ICR_879,chr14:105628650-105629100,P,IGH,0
ICR_880,chr14:106650086-106650799,,IGH,0
ICR_881,chr14:106797964-106799288,,IGH,0
ICR_882,chr15:19891502-19892733,,FAM30B,117430
ICR_883,chr15:20148130-20148185,,BMS1P15,5591
ICR_884,chr15:20416866-20418250,,HERC2P3,0
ICR_885^,chr15:21282115-21282897,,NBEAP4,21952
ICR_886,chr15:23561842-23563087,,MIR4508,0
ICR_887^#,chr15:23647239-23648622,,MAGEL2,0
ICR_888#,chr15:23686523-23686574,,NDN,0
ICR_889,chr15:23758904-23759277,,NDN,71599
ICR_890,chr15:23860773-23861094,M**,PWRN4,114053
ICR_891,chr15:23897271-23897645,,PWRN4,77502
ICR_892^,chr15:24877837-24878217,,SNHG14|SNRPN,0
ICR_893*^,chr15:24954592-24956828,M,SNHG14|SNRPN|SNURF,0
ICR_894,chr15:26670350-26670605,,GABRB3,0
ICR_895^,chr15:28993177-28993653,P**,APBA2,0
ICR_896,chr15:31484287-31484332,,OTUD7A,0
ICR_897^,chr15:33256985-33257103,,TMCO5B,9430
ICR_898*^,chr15:40769605-40770075,P,DNAJC17|C15orf62,0
ICR_899^,chr15:47196694-47197259,,SEMA6D,0
ICR_900^,chr15:52112006-52112086,,BCL2L10,0
ICR_901^,chr15:53830756-53831316,,UNC13C,6257
ICR_902^,chr15:56007034-56007264,,CNOT6LP1,0
ICR_903,chr15:65076997-65077172,,KBTBD13,0
ICR_904*,chr15:65077525-65077598,,KBTBD13,0
ICR_905^,chr15:65949315-65949942,,MEGF11,0
ICR_906*^,chr15:66763320-66763575,,SMAD6,0
ICR_907^,chr15:66877196-66878321,P,LINC02206,53216
ICR_908^,chr15:68930446-68930772,,NOX5|SPESP1,0
ICR_909^,chr15:70605464-70606129,P,SALRNA3,9418
ICR_910,chr15:88241807-88242028,,NTRK3,0
ICR_911,chr15:88741939-88742055,,ACAN,61381
ICR_912^,chr15:95287058-95287471,P,LINC01197,0
ICR_913^,chr15:98865375-98866277,M,IGF1R,0
ICR_914^,chr15:99476322-99476786,P,LINC02244,73869
ICR_915,chr15:99806120-99806200,,DNM1P46,0
ICR_916,chr15:100544247-100544786,,CERS3,0
ICR_917,chr16:159416-159850,P,HBZP1,3217
ICR_918,chr16:561123-561328,,PRR35,0
ICR_919,chr16:801561-801834,P,GNG13,827
ICR_920,chr16:817208-818000,M,PRR25,3347
ICR_921^,chr16:1043980-1044213,P,SSTR5,28543
ICR_922^,chr16:2038931-2039033,P**,SLC9A3R2,0
ICR_923*^,chr16:2798432-2798680,,PRSS41,0
ICR_924,chr16:3107245-3107593,M**,ZNF205,4986
ICR_925,chr16:3254352-3254557,,MEFV,0
ICR_926^,chr16:3431819-3432009,M,ZNF597,405
ICR_927*^,chr16:3443280-3444094,,ZNF597|NAA60,0
ICR_928,chr16:5490312-5490585,M,RBFOX1,0
ICR_929^,chr16:9154539-9154720,,RPL21P119,1622
ICR_930*,chr16:14990248-14990306,M,PDXDC1,0
ICR_931^,chr16:17364420-17365021,,XYLT1,0
ICR_932,chr16:27306120-27306581,,IL4R,7087
ICR_933*^,chr16:27327462-27327798,,IL4R,0
ICR_934,chr16:31224220-31224409,M**,TRIM72,0
ICR_935,chr16:31428164-31428239,M**,COX6A2,0
ICR_936*,chr16:32066244-32066336,,HERC2P4,103707
ICR_937,chr16:32084126-32084430,,HERC2P4,85613
ICR_938,chr16:32187478-32187763,M**,HERC2P4,0
ICR_939^,chr16:32188159-32188300,,HERC2P4,46
ICR_940^,chr16:32310484-32310555,,TP53TG3D,54556
ICR_941,chr16:32523621-32525336,,ABCD1P3,47814
ICR_942,chr16:32846754-32846827,M**,BCAP31P2,23156
ICR_943,chr16:33026905-33027302,,HERC2P8,67730
ICR_944^,chr16:33516787-33516835,,TP53TG3F,54529
ICR_945,chr16:33680828-33680944,,BMS1P8,2223
ICR_946,chr16:33808459-33808588,P,ENPP7P13,24184
ICR_947,chr16:34133988-34134110,M**,DUX4L45,1629
ICR_948^,chr16:34134512-34134657,M**,DUX4L45,1082
ICR_949^,chr16:34150896-34150953,,LINC00273,7632
ICR_950^,chr16:34153970-34154041,,LINC00273,4544
ICR_951,chr16:34158989-34159048,,LINC00273,0
ICR_952,chr16:34641102-34641465,,LINC02184,337257
ICR_953,chr16:34803525-34803596,,LINC02184,175126
ICR_954^,chr16:35208269-35208463,M**,TP53TG3GP,33
ICR_955,chr16:35246812-35248137,,FRG2JP,0
ICR_956*,chr16:35271909-35272955,P,C2orf69P5,7713
ICR_957,chr16:35397156-35398017,P,LINC01566,5443
ICR_958,chr16:35434223-35436923,P**,C2orf69P3,6598
ICR_959*^,chr16:35492463-35492505,,C2orf69P2,0
ICR_960^,chr16:35631098-35632919,,KIF18BP1,5715
ICR_961,chr16:35690947-35691217,,RNA5SP406,43176
ICR_962*^,chr16:46757358-46757691,P,MYLK3,0
ICR_963^,chr16:55760602-55760930,,CES1P1,0
ICR_964^,chr16:57889831-57890669,P,CNGB1,0
ICR_965^,chr16:66845423-66846154,,CA7,0
ICR_966*^,chr16:67654637-67654865,,CARMIL2,0
ICR_967,chr16:70450851-70451346,,FCSK,3244
ICR_968,chr16:70524741-70524805,,SF3B3,0
ICR_969,chr16:71383780-71384024,,CALB2,0
ICR_970,chr16:73171236-73171514,,ZFHX3,0
ICR_971^,chr16:79037697-79038236,P**,WWOX,0
ICR_972*^,chr16:79328593-79329315,,MAF,0
ICR_973^,chr16:79838820-79839867,,LINC01229,37477
ICR_974,chr16:85263027-85263356,,GSE1,0
ICR_975*^,chr16:85480230-85480623,,GSE1,0
ICR_976^,chr16:87517952-87518116,P**,ZCCHC14,24928
ICR_977^,chr16:88186741-88186914,,LINC02182,7367
ICR_978,chr16:88431177-88431330,,ZNF469,0
ICR_979^,chr17:335949-336142,P**,RPH3AL,0
ICR_980,chr17:753058-753176,,DBIL5P,0
ICR_981^,chr17:1492497-1492586,,MYO1C,0
ICR_982,chr17:1961067-1961305,P,RTN4RL1,0
ICR_983*^,chr17:2122709-2123630,,SMG6,0
ICR_984^,chr17:2691899-2691997,M**,CLUH,0
ICR_985*^,chr17:3386154-3386259,,OR3A2|OR1R1P,0
ICR_986*,chr17:4783019-4783185,,TM4SF5,0
ICR_987,chr17:5771207-5771575,M**,NLRP1,186698
ICR_988,chr17:8347360-8347494,,ODF4,1312
ICR_989,chr17:16683802-16683924,,CCDC144A|RNASEH1P2,0
ICR_990,chr17:16856437-16856709,P,COTL1P1,316
ICR_991^,chr17:18625246-18625400,,CCDC144B,0
ICR_992^,chr17:19980115-19980296,,AKAP10,2259
ICR_993*^,chr17:20896157-20896553,,CCDC144NL,0
ICR_994*,chr17:21512149-21512223,,RPL21P120,7055
ICR_995,chr17:21573789-21574080,,LINC02693,22111
ICR_996,chr17:21656813-21657134,,KCNJ18,35389
ICR_997,chr17:21678811-21679073,,KCNJ18,13450
ICR_998,chr17:21681088-21681431,,KCNJ18,11092
ICR_999,chr17:21685888-21686090,M,KCNJ18,6433
ICR_1000,chr17:21841948-21841991,,KCNJ18,136248
ICR_1001,chr17:21843634-21843712,,KCNJ18,137934
ICR_1002^,chr17:22266218-22266557,,LINC02002,0
ICR_1003,chr17:26733376-26735171,,PDLIM1P3,267482
ICR_1004,chr17:26788440-26788550,,PDLIM1P3,214103
ICR_1005^,chr17:28645702-28645796,,KIAA0100,543
ICR_1006,chr17:34040220-34040257,M,ASIC2,0
ICR_1007^,chr17:34571676-34571885,P**,C17orf102,2238
ICR_1008^,chr17:35151123-35151341,,UNC45B,0
ICR_1009,chr17:39868449-39868635,M**,ZPBP2,0
ICR_1010^,chr17:40014561-40014758,P,CSF3,682
ICR_1011^,chr17:43126133-43126286,,NBR2,0
ICR_1012^,chr17:43360035-43360515,,LINC00910,9330
ICR_1013,chr17:43677696-43677780,,LINC02594,0
ICR_1014,chr17:44326010-44326327,M**,SLC25A39,1140
ICR_1015,chr17:44384061-44384311,,ITGA2B,0
ICR_1016,chr17:45120891-45120962,M**,PLCD3,0
ICR_1017^,chr17:45745363-45745724,P**,CRHR1,38556
ICR_1018^,chr17:48049453-48049878,M**,NFE2L1,0
ICR_1019^,chr17:50565110-50565144,,CACNA1G,0
ICR_1020^,chr17:50639135-50639654,P,ABCC3,0
ICR_1021,chr17:52884073-52884266,M**,LINC02089,0
ICR_1022,chr17:58083349-58083378,,DYNLL2,41
ICR_1023*^,chr17:74919335-74919776,,USH1G,0
ICR_1024*^,chr17:76079666-76079946,P,ZACN,0
ICR_1025^,chr17:76542972-76543727,P,CYGB|PRCD,0
ICR_1026^,chr17:77351321-77351534,,SEPTIN9,0
ICR_1027,chr17:79517963-79518428,P,RBFOX3,0
ICR_1028^,chr17:80191857-80192326,P,CARD14,0
ICR_1029,chr17:81499100-81499231,M**,ACTG1,10740
ICR_1030*^,chr17:82777871-82777963,P**,TBCD,0
ICR_1031*^,chr17:82860218-82860396,,TBCD,0
ICR_1032*^,chr17:83205454-83205543,,RPL23AP87,21354
ICR_1033^,chr18:112155-112491,,ROCK1P1|MIR8078,0
ICR_1034,chr18:3602323-3602519,,DLGAP1,0
ICR_1035^,chr18:10299639-10299935,P**,LINC01254,105198
ICR_1036^,chr18:13379767-13380531,P,LDLRAD4,0
ICR_1037^,chr18:26568636-26569708,P**,KCTD1,0
ICR_1038,chr18:37258900-37259288,P,CELF4,0
ICR_1039,chr18:47526284-47526407,M,MIR4527HG,0
ICR_1040,chr18:59969851-59969940,M**,NFE2L3P1,0
ICR_1041,chr18:64002803-64002859,,SERPINB8,0
ICR_1042^,chr18:76491397-76491450,M**,ZNF516,0
ICR_1043*^,chr18:76787372-76787964,M**,ZNF236,34586
ICR_1044,chr18:78877346-78877514,P**,LINC01896,99300
ICR_1045*^,chr18:79404293-79404545,P**,NFATC1,0
ICR_1046,chr18:79532208-79532443,,NFATC1,2885
ICR_1047^,chr18:79532583-79532746,,NFATC1,3260
ICR_1048^,chr18:79616752-79617334,M,CTDP1,62469
ICR_1049,chr18:79617513-79617608,,CTDP1,62195
ICR_1050,chr18:79617770-79617815,,CTDP1,61988
ICR_1051,chr18:79638645-79638833,M,CTDP1,40970
ICR_1052^,chr18:80147168-80147833,M,ADNP2,6822
ICR_1053^,chr18:80147992-80149033,M,ADNP2,7646
ICR_1054*^,chr19:386289-386791,P,THEG,9596
ICR_1055^,chr19:676877-677125,,FSTL3,0
ICR_1056,chr19:853408-853490,,ELANE,0
ICR_1057^,chr19:1453910-1454194,,APC2,0
ICR_1058,chr19:1504102-1504336,P**,ADAMTSL5,682
ICR_1059,chr19:1510721-1510814,P**,ADAMTSL5,0
ICR_1060^,chr19:1542614-1542750,,PLK5,6568
ICR_1061,chr19:1691185-1691357,,TCF3,38570
ICR_1062,chr19:1779885-1780102,P,ONECUT3,0
ICR_1063,chr19:2041793-2041938,,MKNK2,0
ICR_1064^,chr19:2097444-2097551,,IZUMO4,0
ICR_1065^,chr19:2271480-2271693,,OAZ1,0
ICR_1066*^,chr19:2639359-2639532,,GNG7,0
ICR_1067*,chr19:2749064-2749211,,SGTA,5503
ICR_1068^,chr19:3006289-3006627,M,TLE2,0
ICR_1069,chr19:3314581-3314748,,CELF5,17505
ICR_1070^,chr19:3366518-3366556,,NFIC,0
ICR_1071^,chr19:3375239-3375520,,NFIC,0
ICR_1072^,chr19:3403800-3403966,M**,NFIC,0
ICR_1073,chr19:3789254-3789767,P**,MATK,0
ICR_1074,chr19:4194879-4195135,,ANKRD24,0
ICR_1075*^,chr19:4414819-4415739,,CHAF1A,0
ICR_1076*^,chr19:6018852-6019122,P**,RFX2,0
ICR_1077,chr19:6461119-6461350,,SLC25A23,1327
ICR_1078^,chr19:6489483-6490032,P**,TUBB4A,4287
ICR_1079,chr19:6509209-6509630,P,TUBB4A,6361
ICR_1080,chr19:6677833-6677968,M**,C3,0
ICR_1081*^,chr19:7004363-7004710,,FLJ25758,243
ICR_1082^,chr19:7646033-7646285,,STXBP2,0
ICR_1083,chr19:7863802-7864121,M,EVI5L,0
ICR_1084,chr19:7872627-7872688,,PRR36,0
ICR_1085,chr19:9912721-9912951,M,OLFM2,0
ICR_1086*^,chr19:9953808-9954321,P,COL5A3,5240
ICR_1087*,chr19:12873531-12873750,,MAST1,0
ICR_1088,chr19:13087918-13088184,,NFIX,0
ICR_1089^,chr19:13298916-13299037,,CACNA1A,0
ICR_1090,chr19:13623856-13623948,,CCDC130,107804
ICR_1091*^,chr19:14061704-14062308,P,PALM3,0
ICR_1092,chr19:15471897-15472161,,PGLYRP2,0
ICR_1093,chr19:15777135-15778369,P,CYP4F24P,0
ICR_1094,chr19:15862822-15863176,,CLEC4O,0
ICR_1095,chr19:15940417-15941089,P,CYP4F11,5551
ICR_1096^,chr19:16895886-16895902,M**,CPAMD8,0
ICR_1097*^,chr19:18439087-18439864,,ISYNA1,438
ICR_1098,chr19:18777223-18778158,,CRTC1,0
ICR_1099*,chr19:19120808-19121015,M,TMEM161A,0
ICR_1100^,chr19:19514692-19514749,,TSSK6,0
ICR_1101*^,chr19:19997705-19997967,P,BNIP3P12,0
ICR_1102,chr19:20237400-20237572,,BNIP3P17,14939
ICR_1103^,chr19:21568786-21569830,,ZNF429,27629
ICR_1104*,chr19:21678108-21678334,,MTDHP3,0
ICR_1105,chr19:22517560-22518023,,LINC01233,14603
ICR_1106^,chr19:29269046-29269583,,RN7SL340P,35661
ICR_1107^,chr19:29662034-29662704,P,PLEKHF1,2718
ICR_1108^,chr19:30253854-30254259,,ZNF536,0
ICR_1109^,chr19:33298571-33298842,P,CEBPA,1092
ICR_1110^,chr19:35703212-35703486,,ZBTB32,995
ICR_1111,chr19:37403622-37403742,,ZNF569,7404
ICR_1112^,chr19:37468518-37468666,,ZNF569|ZNF570,0
ICR_1113*,chr19:39875820-39875935,,FCGBP,0
ICR_1114,chr19:39892075-39892180,,FCGBP,0
ICR_1115,chr19:39915214-39915303,,FCGBP,0
ICR_1116^,chr19:40489767-40490020,,SPTBN4,0
ICR_1117^,chr19:41226761-41226873,M**,AXL,0
ICR_1118,chr19:41515217-41515351,M**,PLEKHA3P1,4883
ICR_1119,chr19:41644120-41644151,,DNAJC19P3,5123
ICR_1120,chr19:43406341-43406626,M,TEX101,0
ICR_1121^,chr19:45450882-45450913,M**,ERCC1,0
ICR_1122,chr19:46270331-46270412,P**,IGFL1P2,9470
ICR_1123,chr19:47601136-47601199,,BICRA,6997
ICR_1124^,chr19:48195063-48195219,,ZSWIM9,0
ICR_1125,chr19:48895257-48895520,M**,TULP2,0
ICR_1126,chr19:49719462-49719568,M**,RPS9P4,0
ICR_1127,chr19:49889832-49889898,,IL4I1,0
ICR_1128^,chr19:50458698-50458780,,MYBPC2,0
ICR_1129,chr19:50489534-50489611,M,EMC10,0
ICR_1130*^,chr19:50870491-50870617,,KLK2,2816
ICR_1131,chr19:50949976-50950140,,KLK5,0
ICR_1132*^,chr19:51002710-51003017,M**,KLK9,0
ICR_1133*^,chr19:51132331-51132649,,SIGLEC9,0
ICR_1134^,chr19:51271035-51271265,,LINC01872,1
ICR_1135*^,chr19:53537445-53538957,M,ZNF331,0
ICR_1136^,chr19:53553906-53554999,M,ZNF331,0
ICR_1137,chr19:55366121-55366170,P**,IL11,0
ICR_1138,chr19:55444225-55444310,M**,SHISA7,1362
ICR_1139^,chr19:55493632-55493692,,SSC5D,0
ICR_1140,chr19:55545891-55546024,P**,SBK3,348
ICR_1141^,chr19:56478788-56479078,M,ZNF667,723
ICR_1142*^#,chr19:56837320-56841439,M,ZIM2|PEG3|MIMT1,0
ICR_1143^,chr19:56942840-56943184,,MIMT1,94284
ICR_1144,chr19:57708235-57708333,,ZNF154,0
ICR_1145*^,chr19:58329076-58329167,,ZSCAN22,0
ICR_1146,chr19:58357064-58357218,,ZNF497,0
ICR_1147,chr19:58367655-58367750,M**,ZNF837,0
ICR_1148,chr19:58367876-58368275,,ZNF837,0
ICR_1149^,chr20:890832-892113,P,ANGPT4,0
ICR_1150^,chr20:1874501-1874963,P**,SIRPA,19204
ICR_1151,chr20:2754762-2755675,P**,EBF4,0
ICR_1152,chr20:4248057-4248319,,ADRA1D,0
ICR_1153^,chr20:8133537-8134006,M**,PLCB1,0
ICR_1154^,chr20:18504463-18504631,,RPS19P1,0
ICR_1155^,chr20:23164173-23164463,P,RNA5SP478,3202
ICR_1156*^,chr20:25751203-25751633,,FAM182B,11819
ICR_1157^,chr20:26009576-26009828,,LINC01733,40288
ICR_1158,chr20:28611219-28614382,,FRG1CP,8554
ICR_1159,chr20:29299480-29299787,,DUX4L32,19035
ICR_1160,chr20:29319042-29319248,,DUX4L32,0
ICR_1161,chr20:29325493-29325868,M,DUX4L33,444
ICR_1162,chr20:29408910-29409184,,DUX4L34,1100
ICR_1163,chr20:29410544-29410646,,DUX4L34,0
ICR_1164,chr20:29410776-29410829,,DUX4L34,0
ICR_1165,chr20:29411151-29411665,,DUX4L34,0
ICR_1166,chr20:29455174-29456097,,DUX4L35,5866
ICR_1167,chr20:29477464-29478281,,FRG1EP,0
ICR_1168,chr20:29497576-29497608,,FRG1EP,242
ICR_1169,chr20:29729579-29732420,,CDC27P3,13761
ICR_1170,chr20:29742731-29742778,,CDC27P3,3403
ICR_1171,chr20:29743810-29743884,,CDC27P3,2297
ICR_1172,chr20:29764040-29764101,,DUX4L36,1454
ICR_1173,chr20:29764588-29764756,,DUX4L36,2002
ICR_1174,chr20:29868336-29870377,,RNA5SP532,3682
ICR_1175,chr20:29874049-29874267,,RNA5SP532,0
ICR_1176,chr20:29877880-29878128,,DUX4L37,508
ICR_1177,chr20:29878870-29878965,,DUX4L37,0
ICR_1178,chr20:30168342-30168399,,CFTRP3,46399
ICR_1179,chr20:30283622-30283834,,LINC01597,0
ICR_1180,chr20:30284340-30284720,,LINC01597,0
ICR_1181^,chr20:30288471-30289510,,LINC01597,1934
ICR_1182,chr20:30488015-30488659,,CDC27P4,4314
ICR_1183,chr20:30489488-30489608,,CDC27P4,3365
ICR_1184,chr20:30593789-30593857,M**,ANKRD20A21P,87248
ICR_1185,chr20:30639491-30641610,,ANKRD20A21P,39495
ICR_1186,chr20:30871233-30872165,,DUX4L38,22296
ICR_1187,chr20:30892127-30892735,,DUX4L38,1726
ICR_1188,chr20:30908350-30908516,,DUX4L39,7632
ICR_1189,chr20:30922381-30922438,,CDC27P5,2799
ICR_1190^,chr20:31496438-31497008,P,LINC00028,8864
ICR_1191*^,chr20:31547027-31548129,M,HM13|MCTS2P,0
ICR_1192^#,chr20:37520202-37521842,M,BLCAP|NNAT,0
ICR_1193^#,chr20:37522341-37522993,M,BLCAP|NNAT,0
ICR_1194*^#,chr20:43513725-43515256,M,L3MBTL1,0
ICR_1195,chr20:44115828-44115890,,JPH2,0
ICR_1196*^,chr20:44750133-44750578,,KCNK15,0
ICR_1197^,chr20:45312226-45312454,,RBPJL,0
ICR_1198^,chr20:45971224-45971284,,ZNF335,0
ICR_1199,chr20:46009742-46009970,,MMP9,0
ICR_1200,chr20:46153336-46153644,,CDH22,20089
ICR_1201,chr20:46210329-46210446,M**,CDH22,0
ICR_1202^,chr20:46541615-46541812,,OCSTAMP,0
ICR_1203^,chr20:57350801-57350963,,RAE1,276
ICR_1204^,chr20:58467428-58467570,,APCDD1L,0
ICR_1205*^#,chr20:58839107-58842875,M,GNAS,0
ICR_1206*^#,chr20:58850158-58852357,M,GNAS,0
ICR_1207*^,chr20:58853850-58856828,M,GNAS,0
ICR_1208^,chr20:58888275-58890270,,GNAS,0
ICR_1209*^,chr20:59220788-59221858,M,ZNF831,0
ICR_1210^,chr20:62064979-62065036,M**,TAF4,0
ICR_1211,chr20:62581580-62581898,P,RPL7P3,8195
ICR_1212*^,chr20:62875532-62875657,,DIDO1,2081
ICR_1213,chr20:63003240-63003541,P,BHLHE23,2386
ICR_1214,chr20:63114505-63114687,P**,HAR1A,10119
ICR_1215,chr20:63262397-63262526,P**,FLJ16779,782
ICR_1216,chr20:63474459-63475096,P,KCNQ2,1804
ICR_1217*,chr20:63482662-63482947,,EEF1A2,5067
ICR_1218,chr20:63738421-63738536,,LIME1,0
ICR_1219*^,chr20:63909737-63909918,,DNAJC5,0
ICR_1220,chr21:5223187-5224121,,LINC01670,275033
ICR_1221,chr21:5240706-5242547,,LINC01670,256607
ICR_1222,chr21:7943768-7943974,,KCNE1B,114136
ICR_1223,chr21:8205580-8205618,,RNA45SN2,370
ICR_1224,chr21:8205885-8206106,,RNA45SN2,0
ICR_1225,chr21:8206343-8206514,,RNA45SN2,0
ICR_1226,chr21:8207053-8207144,,RNA45SN2,0
ICR_1227,chr21:8207995-8208028,,RNA45SN2,0
ICR_1228,chr21:8209431-8209533,,RNA45SN2,0
ICR_1229,chr21:8210080-8210254,,RNA45SN2|RNA18SN2,0
ICR_1230,chr21:8210530-8210733,,RNA45SN2|RNA18SN2,0
ICR_1231,chr21:8211004-8211157,,RNA45SN2|RNA18SN2,0
ICR_1232,chr21:8211424-8211524,,RNA45SN2|RNA18SN2,0
ICR_1233,chr21:8211781-8211805,,RNA45SN2,0
ICR_1234,chr21:8212080-8212139,,RNA45SN2,0
ICR_1235,chr21:8213080-8213132,,RNA45SN2,0
ICR_1236,chr21:8214822-8214873,,RNA45SN2|RNA28SN2,0
ICR_1237,chr21:8215614-8215723,,RNA45SN2|RNA28SN2,0
ICR_1238,chr21:8216148-8216317,,RNA45SN2|RNA28SN2,0
ICR_1239,chr21:8216729-8216785,,RNA45SN2|RNA28SN2,0
ICR_1240,chr21:8217611-8217759,,RNA45SN2|RNA28SN2,0
ICR_1241,chr21:8220792-8221021,,RNA45SN2,1490
ICR_1242,chr21:8226175-8226554,,RNA45SN2,6873
ICR_1243,chr21:8236929-8237069,,CDC27P9,3670
ICR_1244,chr21:8249017-8249144,,RNA18SP5,4698
ICR_1245,chr21:8249869-8249897,,RNA18SP5,3945
ICR_1246,chr21:8250138-8250293,,RNA18SP5,3549
ICR_1247,chr21:8250538-8250718,,RNA18SP5,3124
ICR_1248,chr21:8251123-8251349,,RNA18SP5,2493
ICR_1249,chr21:8254357-8254812,,RNA18SP5,0
ICR_1250,chr21:8254977-8255149,,RNA18SP5,0
ICR_1251,chr21:8255967-8256008,,RNA18SP5,263
ICR_1252,chr21:8256623-8256667,,RNA18SP5,919
ICR_1253,chr21:8259051-8259198,,RNA18SP5,3347
ICR_1254,chr21:8259990-8260098,,RNA18SP5,4286
ICR_1255,chr21:8260342-8260639,,RNA18SP5,4638
ICR_1256,chr21:8388627-8388658,,RNA45SN3,377
ICR_1257,chr21:8389622-8389676,,RNA45SN3,0
ICR_1258,chr21:8393074-8393383,,RNA45SN3|RNA18SN3,0
ICR_1259,chr21:8393565-8393774,,RNA45SN3|RNA18SN3,0
ICR_1260,chr21:8394039-8394188,,RNA45SN3|RNA18SN3,0
ICR_1261,chr21:8394459-8394550,,RNA45SN3|RNA18SN3,0
ICR_1262,chr21:8394810-8394840,,RNA45SN3,0
ICR_1263,chr21:8394978-8395322,,RNA45SN3,0
ICR_1264,chr21:8397411-8397431,,RNA45SN3|RNA28SN3,0
ICR_1265,chr21:8398648-8398748,,RNA45SN3|RNA28SN3,0
ICR_1266,chr21:8399142-8399444,,RNA45SN3|RNA28SN3,0
ICR_1267,chr21:8400649-8400889,,RNA45SN3|RNA28SN3,0
ICR_1268,chr21:8402302-8402340,,RNA45SN3,0
ICR_1269,chr21:8409174-8409553,,RNA45SN3,6831
ICR_1270,chr21:8419436-8419753,,CDC27P10,4057
ICR_1271,chr21:8432767-8432863,,RNA45SN1,359
ICR_1272,chr21:8433163-8433213,,RNA45SN1,9
ICR_1273,chr21:8434286-8434377,,RNA45SN1,0
ICR_1274,chr21:8436170-8436219,,RNA45SN1,0
ICR_1275,chr21:8437284-8437586,,RNA45SN1|RNA18SN1,0
ICR_1276,chr21:8437775-8437869,,RNA45SN1|RNA18SN1,0
ICR_1277,chr21:8438249-8438398,,RNA45SN1|RNA18SN1,0
ICR_1278,chr21:8439464-8439537,,RNA45SN1,0
ICR_1279,chr21:8439665-8439709,,RNA45SN1,0
ICR_1280,chr21:8442841-8443116,,RNA45SN1|RNA28SN1,0
ICR_1281,chr21:8443377-8443679,,RNA45SN1|RNA28SN1,0
ICR_1282,chr21:8444891-8445121,,RNA45SN1|RNA28SN1,0
ICR_1283,chr21:8445357-8445469,M**,RNA45SN1|RNA28SN1,0
ICR_1284,chr21:8453321-8453640,,RNA45SN1,6749
ICR_1285,chr21:8876858-8878492,,ANKRD20A16P,0
ICR_1286^,chr21:8986610-8986681,,MIR10396A,936
ICR_1287^,chr21:8987462-8987511,,MIR10396A,106
ICR_1288^,chr21:8987626-8987650,,MIR10396A,0
ICR_1289^,chr21:8987972-8988075,,MIR10396A,307
ICR_1290,chr21:9068512-9068795,,TEKT4P2,0
ICR_1291,chr21:9138607-9139589,,TEKT4P2,8846
ICR_1292,chr21:9145063-9146557,,TEKT4P2,15302
ICR_1293*,chr21:9191798-9193112,,TEKT4P2,62037
ICR_1294,chr21:9252971-9254122,,SNX18P12,110137
ICR_1295,chr21:9257941-9259184,,SNX18P12,105075
ICR_1296,chr21:9265816-9266689,,SNX18P12,97570
ICR_1297,chr21:9311544-9313693,,SNX18P12,50566
ICR_1298*^,chr21:9324916-9325065,,SNX18P12,39194
ICR_1299,chr21:9750301-9750555,,LINC01667,31293
ICR_1300,chr21:9933593-9935167,,RN7SL52P,30966
ICR_1301^,chr21:10014815-10014908,,RN7SL52P,112188
ICR_1302,chr21:10119513-10119529,,EIF3FP1,211111
ICR_1303,chr21:10121978-10122227,,EIF3FP1,208413
ICR_1304,chr21:10130148-10131679,,EIF3FP1,198961
ICR_1305,chr21:10328926-10329886,,EIF3FP1,754
ICR_1306*^,chr21:10342377-10342421,,EIF3FP1,10691
ICR_1307*^,chr21:10468190-10469266,,BAGE2,0
ICR_1308,chr21:10651725-10651919,,SLC25A15P4,38347
ICR_1309,chr21:10667761-10668157,,SLC25A15P4,54383
ICR_1310,chr21:10676655-10677098,,SLC25A15P4,63277
ICR_1311,chr21:10736093-10736681,,SLC25A15P4,122715
ICR_1312,chr21:10740063-10740387,,SLC25A15P4,126685
ICR_1313,chr21:10802832-10804215,,SLC25A15P4,189454
ICR_1314*^,chr21:29077180-29077327,,MAP3K7CL,0
ICR_1315*^,chr21:29155405-29155931,M,MAP3K7CL,0
ICR_1316,chr21:33034116-33034763,,OLIG2,4920
ICR_1317^,chr21:36994558-36994589,,MRPL20P1,0
ICR_1318,chr21:37007362-37007511,,RIPPLY3,0
ICR_1319^,chr21:37590794-37591276,,KCNJ6,16097
ICR_1320^,chr21:39385584-39386256,,GET1,0
ICR_1321*^,chr21:42063975-42064308,P,UMODL1,0
ICR_1322^,chr21:42659906-42660063,,PDE9A,0
ICR_1323^,chr21:43574703-43575138,P**,HSF2BP,0
ICR_1324,chr21:44391463-44391494,M**,TRPM2,0
ICR_1325,chr21:44818820-44818854,,SUMO3,691
ICR_1326^,chr21:44982807-44983007,,FAM207A,5818
ICR_1327^,chr21:45359946-45360583,P,MTCO1P3,15608
ICR_1328,chr21:45413377-45413676,P**,COL18A1,0
ICR_1329,chr21:45555294-45555347,,SLC19A1,0
ICR_1330,chr22:10571860-10571914,,CDC27P7,1.00E+08
ICR_1331,chr22:10572628-10572683,,CDC27P7,1.00E+08
ICR_1332,chr22:10929116-10929608,,CDC27P7,328185
ICR_1333,chr22:10961728-10961761,,CDC27P7,296032
ICR_1334,chr22:11039672-11040300,,CDC27P7,217493
ICR_1335,chr22:11252497-11252647,,CDC27P7,5146
ICR_1336,chr22:11295024-11295784,,DUX4L41,12133
ICR_1337,chr22:11353621-11355111,,DUX4L41,70730
ICR_1338,chr22:11449354-11449684,,ZNF73P,25093
ICR_1339,chr22:11465275-11466829,,ZNF73P,7948
ICR_1340,chr22:11827467-11828142,,MTCO3P33,26320
ICR_1341,chr22:11915066-11917239,,MTCO1P33,58644
ICR_1342,chr22:12036770-12038659,,MTCO1P34,97275
ICR_1343,chr22:12078178-12078767,,MTCO1P34,57167
ICR_1344,chr22:12097908-12098015,,MTCO1P34,37919
ICR_1345,chr22:12172503-12172718,,MTCO3P34,34609
ICR_1346,chr22:12176173-12176388,,MTCO3P34,38279
ICR_1347,chr22:12600959-12601368,,FRG1GP,13999
ICR_1348,chr22:12601693-12601904,,FRG1GP,13463
ICR_1349,chr22:12693850-12693914,,DUX4L44,0
ICR_1350,chr22:12873488-12874567,,DUX4L44,179386
ICR_1351,chr22:15553939-15554047,,ARHGAP42P3,5545
ICR_1352,chr22:15880965-15881299,,NBEAP3,4277
ICR_1353,chr22:18025220-18025583,,MICAL3,659
ICR_1354,chr22:18569467-18569592,,PI4KAP1,20639
ICR_1355*^,chr22:18967907-18968273,P,DGCR5,2225
ICR_1356^,chr22:19749148-19749533,P,TBX1,7170
ICR_1357,chr22:19768265-19768546,,TBX1,0
ICR_1358,chr22:20670772-20670970,,ABHD17AP4,0
ICR_1359,chr22:21865747-21866184,,MAPK1,0
ICR_1360,chr22:22114750-22114842,,IGL,0
ICR_1361,chr22:24211145-24211554,,GGT5,8100
ICR_1362^,chr22:24494131-24494362,,UPB1,698
ICR_1363,chr22:26910559-26910822,P**,LINC01422,0
ICR_1364^,chr22:27780254-27780522,P**,MN1,0
ICR_1365^,chr22:29208841-29209158,P**,EMID1,0
ICR_1366,chr22:31104622-31104758,M,SMTN,0
ICR_1367*^,chr22:32041878-32043341,P**,SLC5A1,0
ICR_1368*,chr22:32203909-32204959,,RFPL2,0
ICR_1369,chr22:36564370-36564591,,CACNG2,0
ICR_1370,chr22:38828287-38828585,P**,NPTXR,0
ICR_1371,chr22:39557889-39557920,M**,CACNA1I,12833
ICR_1372,chr22:39664168-39664319,M,CACNA1I,0
ICR_1373,chr22:39713307-39713466,M**,CACNA1I,23570
ICR_1374^,chr22:40040395-40041632,P,FAM83F,0
ICR_1375^,chr22:41681861-41682938,M,SNU13,0
ICR_1376*^,chr22:42397045-42397355,P**,NFAM1,0
ICR_1377*^,chr22:42532792-42533280,P,RRP7A,12996
ICR_1378,chr22:42547749-42547909,P,SERHL2,5941
ICR_1379^,chr22:43289378-43290003,P**,SCUBE1,0
ICR_1380^,chr22:45023162-45023506,,PHF21B,13157
ICR_1381,chr22:45078010-45078290,,PHF21B,68005
ICR_1382^,chr22:45162879-45162974,,NUP50,951
ICR_1383,chr22:45428041-45428475,,RIBC2,0
ICR_1384,chr22:45877926-45878087,P,ATXN10,32619
ICR_1385*,chr22:48238911-48239473,P,MIR3201,34891
ICR_1386,chr22:48576053-48576066,,TAFA5,0
ICR_1387^,chr22:49935324-49935357,,CRELD2,7784
ICR_1388^,chr22:50314617-50314942,P**,DENND6B,0
ICR_1389^,chr22:50482322-50482580,,ADM2,0
ICR_1390^,chr22:50506929-50506995,,LMF2,0
ICR_1391,chrX:330527-330751,,PPP2R3B,3182
ICR_1392,chrX:494090-494437,,FABP5P13,29304
ICR_1393,chrX:1208138-1208515,,CRLF2,0
ICR_1394,chrX:2325208-2325958,M,DHRSX,0
ICR_1395^,chrX:2962476-2962843,P,ARSL,0
ICR_1396*^,chrX:8783289-8783566,M**,DRAXINP1,0
ICR_1397^,chrX:9857996-9858420,P**,SHROOM2,0
ICR_1398,chrX:11138801-11139297,M,ARHGAP6,0
ICR_1399*^,chrX:14244065-14244239,M,UBE2E4P,26
ICR_1400*,chrX:17655055-17655175,M,NHS,0
ICR_1401,chrX:17786942-17787094,,RAI2,12955
ICR_1402,chrX:18104618-18104736,,LINC01456,0
ICR_1403,chrX:19514065-19514434,M**,MAP3K15,0
ICR_1404^,chrX:20117090-20117193,,MAP7D2,183
ICR_1405,chrX:21657683-21658001,,KLHL34,0
ICR_1406,chrX:29919459-29920091,P**,IL1RAPL1,0
ICR_1407^,chrX:36575019-36576600,P**,H2AL1QP,143318
ICR_1408*,chrX:38474430-38475389,P,FTLP16,9372
ICR_1409*^,chrX:39813662-39814142,P**,MIR1587,23419
ICR_1410,chrX:39822216-39822775,,MIR1587,14786
ICR_1411^,chrX:40157065-40157832,M**,BCOR,0
ICR_1412,chrX:40205491-40205660,,BCOR,28101
ICR_1413^,chrX:40243438-40244131,P,BCOR,66048
ICR_1414,chrX:41088076-41088234,,USP9X,0
ICR_1415,chrX:42778156-42778387,M**,PPP1R2C,0
ICR_1416^,chrX:45806771-45807324,P**,LINC02595,40750
ICR_1417*^,chrX:47637837-47638168,M,ELK1,0
ICR_1418^,chrX:48827533-48827653,,ERAS,0
ICR_1419^,chrX:49072475-49072555,,PRAF2,0
ICR_1420,chrX:49157267-49157391,,RN7SL262P,4323
ICR_1421*^,chrX:49167171-49167897,,MAGIX,0
ICR_1422,chrX:49233991-49234143,M**,HSPB1P2,0
ICR_1423,chrX:52222518-52222852,,MAGED4,30250
ICR_1424,chrX:53000159-53000569,,FAM156A,4687
ICR_1425*^,chrX:56763914-56764237,P**,NBDY,0
ICR_1426^,chrX:57909419-57909586,M**,ZXDA,0
ICR_1427,chrX:62517163-62517282,M**,MTND1P31,325230
ICR_1428^,chrX:62716477-62717078,M**,MTND1P31,125434
ICR_1429,chrX:64870664-64873851,,ZC4H2,41951
ICR_1430,chrX:65971193-65971333,,MIR223,47537
ICR_1431*^,chrX:68685508-68686065,,STARD8,0
ICR_1432,chrX:68736614-68736736,,STARD8,10772
ICR_1433^,chrX:69496102-69497671,P**,FAM155B,6655
ICR_1434^,chrX:70128674-70129529,P**,MTND4P31,0
ICR_1435,chrX:71499987-71500571,,TAF1,0
ICR_1436,chrX:71906120-71906682,P**,NHSL2,4391
ICR_1437^,chrX:72713721-72713883,,PHKA1,0
ICR_1438*^,chrX:73127734-73128301,,NAP1L6P,0
ICR_1439^,chrX:76147216-76148561,,PBDC1,24368
ICR_1440,chrX:92105042-92105444,P**,PCDH11X,0
ICR_1441^,chrX:99939597-99940400,M,B3GNT2P1,51491
ICR_1442,chrX:102140975-102141536,M**,TCEAL6,0
ICR_1443,chrX:102472007-102472147,M**,TCP11X2,195
ICR_1444^,chrX:102547184-102547508,,FOXN3P1,0
ICR_1445,chrX:103221230-103221495,,BEX4,3984
ICR_1446,chrX:104910027-104910754,,IL1RAPL2,0
ICR_1447^,chrX:105458750-105459285,P**,IL1RAPL2,0
ICR_1448,chrX:107155820-107156087,,NUP62CL,0
ICR_1449*,chrX:107936250-107936476,M**,MID2,4613
ICR_1450^,chrX:109054130-109054591,,GUCY2F,317470
ICR_1451*^,chrX:115892906-115893572,,DANT2|DANT1,0
ICR_1452^,chrX:116667123-116668428,P**,SLC6A14P1,1382
ICR_1453^,chrX:116815756-116816445,,SLC6A14P2,123071
ICR_1454,chrX:116817144-116817762,,SLC6A14P2,124459
ICR_1455,chrX:119150778-119151386,M**,KIAA1210,0
ICR_1456^,chrX:119759860-119760046,M**,SOWAHD,0
ICR_1457,chrX:119993224-119994216,P**,RHOXF1P3,681
ICR_1458*^,chrX:121333162-121334618,,MIR3672,36354
ICR_1459,chrX:128606464-128606562,M**,KRT18P44,107894
ICR_1460^,chrX:129337411-129338017,,RPS26P56,70365
ICR_1461^,chrX:129677271-129678103,,APLN,22315
ICR_1462^,chrX:129844135-129844659,,ZDHHC9,249
ICR_1463^,chrX:129934362-129934736,,UTP14A,4600
ICR_1464,chrX:129960826-129961094,,BCORL1,19191
ICR_1465^,chrX:130958952-130959301,,ENOX2,55635
ICR_1466,chrX:131278536-131279287,,IGSF1,0
ICR_1467*^,chrX:131746197-131747385,,FIRRE,0
ICR_1468^,chrX:133437318-133438444,P,GPC4,21829
ICR_1469,chrX:135422588-135423581,M**,SMIM10L2A,0
ICR_1470*^,chrX:135596590-135596689,,SAGE4P,2115
ICR_1471^,chrX:148741454-148742005,P**,AFF2,0
ICR_1472,chrX:149471290-149471680,,IDS,5308
ICR_1473^,chrX:153495535-153495619,P**,BGN,0
ICR_1474,chrX:153640989-153641378,,DUSP9,1063
ICR_1475*^,chrX:153644271-153644307,,DUSP9,0
ICR_1476^,chrX:153780931-153781167,P**,SRPK3,0
ICR_1477^,chrX:153949240-153949660,P**,HCFC1,0
ICR_1478^,chrX:153985596-153985803,P**,TMEM187,2402
ICR_1479^,chrX:153999530-153999979,P**,IRAK1,10528
ICR_1480^,chrX:154019040-154019364,,IRAK1,0
ICR_1481^,chrX:154094048-154094698,,MECP2,0
ICR_1482^,chrX:154396788-154397224,,RPL10,841
ICR_1483*^,chrX:154399041-154399615,M**,RPL10,0
ICR_1484^,chrX:154408925-154409317,P,DNASE1L1,0
ICR_1485^,chrX:154548296-154548666,M**,IKBKG,0
ICR_1486^,chrX:154805812-154806063,M**,MPP1,285
ICR_1487^,chrX:155070793-155070856,,CMC4|MTCP1,0
ICR_1488^,chrX:155641255-155641777,,TMLHE|SPRY3,0
